SynId,NeuronType,NeuronId,SynType,UMAP_1,UMAP_2,Cluster,clusterid
1,calbindin,cb1,as,-0.83040905,8.352609,3,as
2,calbindin,cb1,as,-1.1625668,8.33629,3,as
3,calbindin,cb1,as,-1.0975078,8.339774,3,as
6,calbindin,cb1,as,-0.7039546,8.379145,3,as
9,calbindin,cb1,as,-0.4863759,8.493205,3,as
10,calbindin,cb1,as,-0.252747,8.396098,3,as
11,calbindin,cb1,as,-0.32430625,8.432425,3,as
12,calbindin,cb1,as,-1.5386047,8.927289,3,as
14,calbindin,cb1,as,-0.32248986,8.5590315,3,as
15,calbindin,cb1,as,-0.26453018,8.570944,3,as
16,calbindin,cb1,as,-0.5331843,9.543729,3,as
17,calbindin,cb1,as,0.12918441,8.668922,3,as
18,calbindin,cb1,as,0.37496498,8.433764,3,as
19,calbindin,cb1,as,0.026626166,9.453591,3,as
20,calbindin,cb1,as,0.41848052,8.397042,3,as
21,calbindin,cb1,as,0.25586712,9.4979,3,as
22,calbindin,cb1,as,0.82243484,8.900014,3,as
23,calbindin,cb1,as,0.7461051,8.67233,3,as
24,calbindin,cb1,as,1.1699647,9.314449,3,as
25,calbindin,cb1,as,1.3597996,9.367242,3,as
26,calbindin,cb1,as,0.94868106,8.789756,3,as
27,calbindin,cb1,as,1.3705857,9.191267,3,as
28,calbindin,cb1,as,1.7626268,9.544394,3,as
29,calbindin,cb1,as,3.4141467,8.129971,3,as
30,calbindin,cb1,as,3.2344437,8.807221,3,as
31,calbindin,cb1,as,2.9950979,9.964416,3,as
32,calbindin,cb1,as,2.8964071,10.286969,3,as
33,calbindin,cb1,as,3.595887,8.356991,3,as
34,calbindin,cb1,as,2.9735699,10.2855425,3,as
36,calbindin,cb1,as,3.9372003,8.521448,3,as
37,calbindin,cb1,as,4.1020255,9.845877,3,as
38,calbindin,cb1,as,4.337812,8.372978,3,as
39,calbindin,cb1,as,5.92547,10.503792,4,as
40,calbindin,cb1,as,6.0227385,9.634523,4,as
41,calbindin,cb1,as,6.3042336,6.460056,2,as
42,calbindin,cb1,as,7.031171,8.258068,4,as
43,calbindin,cb1,as,7.338466,9.914463,4,as
44,calbindin,cb1,as,7.5308156,8.785822,4,as
45,calbindin,cb1,as,7.535113,7.5392632,-1,as
47,calbindin,cb1,as,8.652224,8.966257,-1,as
48,calbindin,cb1,as,8.755524,8.857145,-1,as
49,calbindin,cb1,as,7.190491,4.995796,2,as
50,calbindin,cb1,as,8.631546,5.2178864,2,as
51,calbindin,cb1,as,9.5540285,5.9322352,2,as
52,calbindin,cb1,as,8.743082,5.2818103,2,as
53,calbindin,cb1,as,11.228427,5.6406026,2,as
54,calbindin,cb1,as,11.358925,4.559529,2,as
55,calbindin,cb1,as,10.292765,4.0798707,2,as
56,calbindin,cb1,as,10.105733,3.9490862,2,as
57,calbindin,cb1,as,10.73226,3.64348,2,as
58,calbindin,cb1,as,11.8725815,2.8106527,2,as
59,calbindin,cb1,as,11.7569685,2.7425213,2,as
60,calbindin,cb1,as,11.811127,2.6583693,2,as
61,calbindin,cb1,as,8.22886,4.244358,2,as
62,calbindin,cb1,as,12.177465,0.16431348,1,as
63,calbindin,cb1,as,12.612806,-0.1960471,1,as
64,calbindin,cb1,as,12.882502,-0.30305657,1,as
65,calbindin,cb1,as,12.438655,-1.0588738,1,as
66,calbindin,cb1,as,12.902127,-0.3593631,1,as
67,calbindin,cb1,as,12.345773,-1.1041038,1,as
68,calbindin,cb1,as,12.627378,-1.1335858,1,as
69,calbindin,cb1,as,12.462799,-1.1798435,1,as
71,calbindin,cb1,as,12.471037,-1.4542098,1,as
72,calbindin,cb1,as,12.648819,-1.3031058,1,as
73,calbindin,cb1,as,13.024624,-0.8823569,1,as
74,calbindin,cb1,as,12.660224,-1.7063576,1,as
75,calbindin,cb1,as,13.070395,-1.4231945,1,as
76,calbindin,cb1,as,12.9856415,-1.9236741,1,as
77,calbindin,cb1,as,12.906772,-1.892441,1,as
78,calbindin,cb1,as,13.570542,-2.1963305,1,as
79,calbindin,cb1,as,13.330354,-2.1846328,1,as
80,calbindin,cb1,as,13.447247,-2.2729528,1,as
81,calbindin,cb1,as,13.969893,-2.4117692,1,as
82,calbindin,cb1,as,14.127432,-2.5285628,1,as
83,calbindin,cb1,as,13.660601,-2.4137762,1,as
84,calbindin,cb1,as,13.597157,-2.4588675,1,as
85,calbindin,cb1,as,13.628288,-2.4852853,1,as
2,calbindin,cb2,as,3.3842604,9.823663,3,as
3,calbindin,cb2,as,3.3432422,9.76217,3,as
4,calbindin,cb2,as,3.874644,9.325493,3,as
5,calbindin,cb2,as,4.00609,9.738183,3,as
6,calbindin,cb2,as,4.4367495,9.946001,3,as
7,calbindin,cb2,as,6.1388974,11.041667,4,as
8,calbindin,cb2,as,3.6930428,8.016629,3,as
9,calbindin,cb2,as,4.5593534,9.839049,3,as
10,calbindin,cb2,as,6.09898,10.975301,4,as
12,calbindin,cb2,as,5.8490357,8.388297,4,as
13,calbindin,cb2,as,7.0126867,10.390035,4,as
14,calbindin,cb2,as,6.2752113,6.2222114,2,as
15,calbindin,cb2,as,7.2079563,8.585316,4,as
16,calbindin,cb2,as,6.6499066,5.253106,2,as
18,calbindin,cb2,as,7.4276896,10.014647,4,as
21,calbindin,cb2,as,9.21315,6.163291,2,as
22,calbindin,cb2,as,9.579327,6.136635,2,as
23,calbindin,cb2,as,8.127526,5.364408,2,as
24,calbindin,cb2,as,11.207031,6.07069,2,as
25,calbindin,cb2,as,11.2225065,6.1752677,2,as
26,calbindin,cb2,as,10.011124,4.4597683,2,as
27,calbindin,cb2,as,9.810971,4.6102505,2,as
28,calbindin,cb2,as,8.993675,4.635465,2,as
29,calbindin,cb2,as,9.876835,4.3988037,2,as
30,calbindin,cb2,as,11.32573,4.6129913,2,as
31,calbindin,cb2,as,12.115633,3.0120246,2,as
32,calbindin,cb2,as,12.143639,2.9486303,2,as
33,calbindin,cb2,as,12.159045,2.8624663,2,as
34,calbindin,cb2,as,11.674372,0.35971743,1,as
35,calbindin,cb2,as,11.772294,0.6019362,1,as
1,calbindin,cb3,as,9.517582,6.3075743,2,as
2,calbindin,cb3,as,7.053423,6.159071,2,as
3,calbindin,cb3,as,6.763998,5.391821,2,as
4,calbindin,cb3,as,7.0305505,8.05793,4,as
5,calbindin,cb3,as,7.2746854,9.831584,4,as
1,calretinin,cr1,as,12.842434,-0.009201877,1,as
2,calretinin,cr1,as,12.795298,0.08995527,1,as
3,calretinin,cr1,as,11.937815,1.6156791,-1,as
4,calretinin,cr1,as,11.853328,0.5724265,1,as
5,calretinin,cr1,as,8.8421335,4.1304493,2,as
6,calretinin,cr1,as,12.118188,3.0172148,2,as
7,calretinin,cr1,as,10.655981,3.8166742,2,as
8,calretinin,cr1,as,10.246934,4.0240355,2,as
9,calretinin,cr1,as,11.330233,4.822574,2,as
10,calretinin,cr1,as,11.26593,4.9400287,2,as
11,calretinin,cr1,as,11.189252,5.0290155,2,as
12,calretinin,cr1,as,11.102959,5.150517,2,as
13,calretinin,cr1,as,8.746811,5.2985873,2,as
14,calretinin,cr1,as,8.897026,6.102493,2,as
15,calretinin,cr1,as,8.925416,6.243907,2,as
16,calretinin,cr1,as,8.664204,8.952748,-1,as
17,calretinin,cr1,as,6.862777,6.129318,2,as
18,calretinin,cr1,as,8.478769,9.140984,-1,as
19,calretinin,cr1,as,7.124864,8.292224,4,as
20,calretinin,cr1,as,6.5909534,9.192944,4,as
21,calretinin,cr1,as,6.24981,9.310714,4,as
22,calretinin,cr1,as,5.3631516,8.137353,4,as
23,calretinin,cr1,as,6.118929,10.904008,4,as
24,calretinin,cr1,as,5.860278,11.135642,4,as
25,calretinin,cr1,as,5.779867,11.070392,4,as
26,calretinin,cr1,as,4.126082,9.790623,3,as
27,calretinin,cr1,as,3.0604134,10.456712,3,as
28,calretinin,cr1,as,2.5916982,10.144619,3,as
29,calretinin,cr1,as,1.6928304,9.941654,3,as
30,calretinin,cr1,as,1.8600864,10.029562,3,as
31,calretinin,cr1,as,1.2318912,9.061115,3,as
32,calretinin,cr1,as,0.49577495,9.915478,-1,as
33,calretinin,cr1,as,-0.18098427,9.775708,3,as
34,calretinin,cr1,as,-0.23657396,9.704071,3,as
1,calretinin,cr2,as,12.057405,2.7850368,2,as
2,calretinin,cr2,as,12.007035,2.7113814,2,as
3,calretinin,cr2,as,12.089167,2.8406951,2,as
4,calretinin,cr2,as,10.586451,3.93721,2,as
5,calretinin,cr2,as,11.161591,4.3369274,2,as
6,calretinin,cr2,as,9.261459,4.6197467,2,as
7,calretinin,cr2,as,9.109511,4.7153664,2,as
8,calretinin,cr2,as,9.936728,4.4509706,2,as
9,calretinin,cr2,as,7.8661995,4.5709524,2,as
10,calretinin,cr2,as,9.505266,4.627043,2,as
11,calretinin,cr2,as,9.962506,4.8304543,2,as
12,calretinin,cr2,as,11.315749,6.0909495,2,as
13,calretinin,cr2,as,11.255531,5.5131297,2,as
14,calretinin,cr2,as,7.461419,4.841991,2,as
15,calretinin,cr2,as,7.4110136,4.82411,2,as
16,calretinin,cr2,as,9.422748,6.006731,2,as
17,calretinin,cr2,as,11.288448,5.799959,2,as
18,calretinin,cr2,as,8.762657,6.1752486,2,as
19,calretinin,cr2,as,8.552252,5.751813,2,as
20,calretinin,cr2,as,7.803998,5.9964485,2,as
21,calretinin,cr2,as,8.677187,6.335328,2,as
22,calretinin,cr2,as,6.995867,5.3822002,2,as
23,calretinin,cr2,as,8.136351,6.4778996,2,as
24,calretinin,cr2,as,7.6077476,7.6668105,-1,as
25,calretinin,cr2,as,8.484053,9.089003,-1,as
26,calretinin,cr2,as,7.2619743,7.7531796,4,as
27,calretinin,cr2,as,7.170535,8.785509,4,as
28,calretinin,cr2,as,6.3214674,6.675306,2,as
29,calretinin,cr2,as,6.6474433,8.754924,4,as
30,calretinin,cr2,as,7.388925,9.640028,4,as
31,calretinin,cr2,as,6.3476663,6.0518365,2,as
32,calretinin,cr2,as,6.279453,10.700845,4,as
33,calretinin,cr2,as,6.3457236,10.730551,4,as
34,calretinin,cr2,as,6.1818004,10.669091,4,as
35,calretinin,cr2,as,5.172079,9.69025,4,as
36,calretinin,cr2,as,5.6886377,11.033053,4,as
37,calretinin,cr2,as,4.284607,9.731944,3,as
38,calretinin,cr2,as,3.732402,8.545764,3,as
39,calretinin,cr2,as,3.1577911,9.905656,3,as
40,calretinin,cr2,as,3.4660027,8.155697,3,as
41,calretinin,cr2,as,2.1351812,9.627666,3,as
42,calretinin,cr2,as,2.0345995,9.714649,3,as
43,calretinin,cr2,as,1.8360097,9.953721,3,as
44,calretinin,cr2,as,1.7336612,9.554066,3,as
45,calretinin,cr2,as,1.7637494,10.103142,3,as
46,calretinin,cr2,as,1.3283284,9.2086,3,as
1,calretinin,cr3,as,12.866382,-0.14827281,1,as
2,calretinin,cr3,as,11.882401,1.5593807,1,as
3,calretinin,cr3,as,8.712157,4.2673974,2,as
4,calretinin,cr3,as,8.8734255,4.607268,2,as
5,calretinin,cr3,as,7.4538593,4.7821364,2,as
6,calretinin,cr3,as,10.936604,5.8782816,2,as
7,calretinin,cr3,as,9.105013,6.428974,2,as
8,calretinin,cr3,as,8.549737,9.059865,-1,as
9,calretinin,cr3,as,7.5058265,7.286323,4,as
10,calretinin,cr3,as,7.2244596,9.972171,4,as
11,calretinin,cr3,as,6.7210636,9.285938,4,as
12,calretinin,cr3,as,6.8723288,10.026371,4,as
13,calretinin,cr3,as,5.421253,8.214423,4,as
14,calretinin,cr3,as,6.1814437,10.685383,4,as
15,calretinin,cr3,as,5.2016006,9.76024,4,as
16,calretinin,cr3,as,3.8626933,8.282404,3,as
17,calretinin,cr3,as,4.1530304,9.821195,3,as
18,calretinin,cr3,as,3.550362,9.919144,3,as
19,calretinin,cr3,as,2.9178057,10.2032795,3,as
20,calretinin,cr3,as,2.8157628,10.105886,3,as
21,calretinin,cr3,as,1.9990351,10.097186,3,as
22,calretinin,cr3,as,1.8518423,9.640005,3,as
2,parvalbumin,pv1,as,11.413757,4.669471,2,as
3,parvalbumin,pv1,as,7.5550036,4.6649904,2,as
4,parvalbumin,pv1,as,10.676989,5.8041115,2,as
5,parvalbumin,pv1,as,11.307363,6.1599274,2,as
6,parvalbumin,pv1,as,11.330474,6.071436,2,as
7,parvalbumin,pv1,as,11.259621,5.966596,2,as
8,parvalbumin,pv1,as,7.402786,4.844727,2,as
9,parvalbumin,pv1,as,11.288353,6.058626,2,as
10,parvalbumin,pv1,as,11.199836,5.2310777,2,as
11,parvalbumin,pv1,as,11.194491,5.664546,2,as
12,parvalbumin,pv1,as,7.0692945,5.0044594,2,as
13,parvalbumin,pv1,as,7.60776,5.719348,2,as
14,parvalbumin,pv1,as,7.0429316,5.014945,2,as
16,parvalbumin,pv1,as,8.377766,6.215838,2,as
17,parvalbumin,pv1,as,7.0963707,6.2368646,2,as
18,parvalbumin,pv1,as,8.471766,9.152119,-1,as
19,parvalbumin,pv1,as,6.799236,5.220559,2,as
20,parvalbumin,pv1,as,7.567339,7.661129,-1,as
22,parvalbumin,pv1,as,7.2788424,6.881493,-1,as
23,parvalbumin,pv1,as,6.7242703,6.3683605,2,as
24,parvalbumin,pv1,as,7.280083,8.599465,4,as
25,parvalbumin,pv1,as,7.245519,8.791043,4,as
26,parvalbumin,pv1,as,7.1646667,8.352484,4,as
27,parvalbumin,pv1,as,6.28156,6.1503363,2,as
28,parvalbumin,pv1,as,7.079741,9.473229,4,as
29,parvalbumin,pv1,as,6.1210103,7.819906,4,as
30,parvalbumin,pv1,as,7.0217047,9.264623,4,as
31,parvalbumin,pv1,as,6.2165723,6.2266674,2,as
32,parvalbumin,pv1,as,5.994014,8.1496,4,as
33,parvalbumin,pv1,as,5.8691854,8.147537,4,as
34,parvalbumin,pv1,as,5.9352403,8.232801,4,as
35,parvalbumin,pv1,as,6.3798156,6.6353188,2,as
36,parvalbumin,pv1,as,6.5940886,7.653976,4,as
37,parvalbumin,pv1,as,6.151291,7.690507,-1,as
38,parvalbumin,pv1,as,6.567961,7.8841147,4,as
39,parvalbumin,pv1,as,6.5526657,5.389655,2,as
40,parvalbumin,pv1,as,6.333017,9.123257,4,as
41,parvalbumin,pv1,as,6.245378,9.181353,4,as
42,parvalbumin,pv1,as,6.1923647,9.54017,4,as
43,parvalbumin,pv1,as,6.4913707,5.4188976,2,as
44,parvalbumin,pv1,as,5.897237,9.4670315,4,as
45,parvalbumin,pv1,as,5.8253784,10.761993,4,as
46,parvalbumin,pv1,as,5.5751863,9.676026,4,as
47,parvalbumin,pv1,as,4.1700487,8.35278,3,as
1,parvalbumin,pv2,as,1.7611836,9.998525,3,as
2,parvalbumin,pv2,as,3.304117,9.600568,3,as
3,parvalbumin,pv2,as,2.9005218,10.142222,3,as
4,parvalbumin,pv2,as,3.2525368,9.821039,3,as
5,parvalbumin,pv2,as,2.7975783,10.223969,3,as
6,parvalbumin,pv2,as,3.4758441,8.594921,3,as
7,parvalbumin,pv2,as,3.4643276,9.846808,3,as
8,parvalbumin,pv2,as,3.762062,9.367602,3,as
9,parvalbumin,pv2,as,3.4768643,8.6071415,3,as
10,parvalbumin,pv2,as,3.585034,8.157687,3,as
11,parvalbumin,pv2,as,3.7844973,8.302926,3,as
12,parvalbumin,pv2,as,4.0872135,9.577187,3,as
13,parvalbumin,pv2,as,5.1740327,10.294181,-1,as
14,parvalbumin,pv2,as,4.092105,8.6269,3,as
15,parvalbumin,pv2,as,3.8920712,8.443993,3,as
16,parvalbumin,pv2,as,5.68891,10.400433,4,as
17,parvalbumin,pv2,as,5.7672668,9.701744,4,as
18,parvalbumin,pv2,as,5.8510795,10.908076,4,as
19,parvalbumin,pv2,as,5.2020397,9.827395,4,as
20,parvalbumin,pv2,as,5.9168777,10.4050665,4,as
21,parvalbumin,pv2,as,5.5321283,10.11959,4,as
22,parvalbumin,pv2,as,5.822415,11.024335,4,as
23,parvalbumin,pv2,as,5.501472,9.539521,4,as
24,parvalbumin,pv2,as,5.60422,11.013796,4,as
25,parvalbumin,pv2,as,5.6483827,11.094215,4,as
26,parvalbumin,pv2,as,5.7387304,11.051911,4,as
27,parvalbumin,pv2,as,5.788789,10.61991,4,as
28,parvalbumin,pv2,as,5.6887283,9.820901,4,as
29,parvalbumin,pv2,as,5.8484097,10.945982,4,as
30,parvalbumin,pv2,as,5.143664,9.424489,-1,as
31,parvalbumin,pv2,as,5.4463415,8.656964,4,as
32,parvalbumin,pv2,as,5.4414835,9.914369,4,as
33,parvalbumin,pv2,as,6.0014477,10.284946,4,as
34,parvalbumin,pv2,as,5.9976172,10.341054,4,as
35,parvalbumin,pv2,as,6.0521755,10.3115835,4,as
36,parvalbumin,pv2,as,6.0376854,10.266077,4,as
37,parvalbumin,pv2,as,6.1049004,10.310134,4,as
38,parvalbumin,pv2,as,6.3301764,10.634995,4,as
39,parvalbumin,pv2,as,5.57517,8.656405,4,as
40,parvalbumin,pv2,as,5.5615387,8.393272,4,as
41,parvalbumin,pv2,as,5.7352448,8.685536,4,as
42,parvalbumin,pv2,as,6.482542,10.416398,4,as
43,parvalbumin,pv2,as,6.6512423,8.997274,4,as
44,parvalbumin,pv2,as,5.738096,8.320553,4,as
45,parvalbumin,pv2,as,6.747419,10.3081875,4,as
46,parvalbumin,pv2,as,6.88276,10.090088,4,as
47,parvalbumin,pv2,as,6.701677,8.661546,4,as
48,parvalbumin,pv2,as,6.4469995,10.902438,4,as
49,parvalbumin,pv2,as,5.476136,8.13094,4,as
50,parvalbumin,pv2,as,7.0576267,9.743471,4,as
51,parvalbumin,pv2,as,7.30338,9.931397,4,as
52,parvalbumin,pv2,as,7.6133623,9.78275,4,as
53,parvalbumin,pv2,as,7.3709917,9.724467,4,as
54,parvalbumin,pv2,as,7.2096095,9.698969,4,as
55,parvalbumin,pv2,as,6.9458427,8.601722,4,as
56,parvalbumin,pv2,as,7.010961,10.314597,4,as
57,parvalbumin,pv2,as,7.187551,9.882401,4,as
58,parvalbumin,pv2,as,6.2240205,6.3018327,2,as
59,parvalbumin,pv2,as,7.5478044,9.592297,4,as
60,parvalbumin,pv2,as,7.4624825,8.851664,4,as
61,parvalbumin,pv2,as,7.421981,8.70548,4,as
62,parvalbumin,pv2,as,7.139052,8.506585,4,as
63,parvalbumin,pv2,as,7.2641134,8.499446,4,as
64,parvalbumin,pv2,as,7.3885427,8.379632,4,as
65,parvalbumin,pv2,as,7.5967236,9.519302,4,as
66,parvalbumin,pv2,as,7.5743184,9.738213,4,as
67,parvalbumin,pv2,as,7.515553,9.424828,4,as
68,parvalbumin,pv2,as,6.92789,8.870761,4,as
69,parvalbumin,pv2,as,6.2384286,6.463557,2,as
70,parvalbumin,pv2,as,7.2006745,10.083101,4,as
71,parvalbumin,pv2,as,7.0784955,8.43514,4,as
72,parvalbumin,pv2,as,6.792721,8.151925,4,as
73,parvalbumin,pv2,as,7.1377273,8.440339,4,as
74,parvalbumin,pv2,as,8.644998,8.079946,2,as
75,parvalbumin,pv2,as,7.0903215,7.700269,4,as
76,parvalbumin,pv2,as,8.828886,7.911261,2,as
77,parvalbumin,pv2,as,6.7504835,5.161919,2,as
78,parvalbumin,pv2,as,9.240399,7.838023,2,as
79,parvalbumin,pv2,as,6.979399,7.4317584,4,as
80,parvalbumin,pv2,as,9.164777,7.875107,2,as
81,parvalbumin,pv2,as,8.947921,7.769441,2,as
82,parvalbumin,pv2,as,7.343452,6.118888,2,as
83,parvalbumin,pv2,as,8.731822,7.4377775,2,as
84,parvalbumin,pv2,as,8.774186,7.5712824,2,as
85,parvalbumin,pv2,as,9.207551,7.767235,2,as
86,parvalbumin,pv2,as,9.034069,7.684559,2,as
88,parvalbumin,pv2,as,9.601223,7.225388,2,as
89,parvalbumin,pv2,as,9.751589,7.3337135,2,as
90,parvalbumin,pv2,as,9.366292,7.7476664,2,as
91,parvalbumin,pv2,as,9.3565855,7.740232,2,as
92,parvalbumin,pv2,as,9.0185585,7.4337378,2,as
93,parvalbumin,pv2,as,9.569516,7.358784,2,as
94,parvalbumin,pv2,as,10.106987,7.1098375,2,as
95,parvalbumin,pv2,as,9.699973,7.4271054,2,as
96,parvalbumin,pv2,as,9.458401,6.315143,2,as
97,parvalbumin,pv2,as,9.658586,7.08036,2,as
98,parvalbumin,pv2,as,10.148147,7.114083,2,as
99,parvalbumin,pv2,as,9.36981,6.515015,2,as
100,parvalbumin,pv2,as,9.905233,7.3102775,2,as
101,parvalbumin,pv2,as,9.618488,6.11334,2,as
102,parvalbumin,pv2,as,9.430166,6.447169,2,as
103,parvalbumin,pv2,as,9.399741,6.4476204,2,as
104,parvalbumin,pv2,as,10.061982,7.168813,2,as
105,parvalbumin,pv2,as,9.795665,6.0811677,2,as
106,parvalbumin,pv2,as,9.558035,5.5995374,2,as
107,parvalbumin,pv2,as,10.012383,5.812038,2,as
108,parvalbumin,pv2,as,9.750932,5.5580316,2,as
109,parvalbumin,pv2,as,9.732822,5.3802195,2,as
110,parvalbumin,pv2,as,10.239455,5.6892467,2,as
111,parvalbumin,pv2,as,9.888491,5.5178714,2,as
112,parvalbumin,pv2,as,9.391172,5.220112,2,as
113,parvalbumin,pv2,as,9.276687,5.091024,2,as
114,parvalbumin,pv2,as,9.270679,5.0643334,2,as
115,parvalbumin,pv2,as,10.93005,6.1219587,2,as
116,parvalbumin,pv2,as,10.801496,5.920251,2,as
117,parvalbumin,pv2,as,11.209391,6.3145247,2,as
118,parvalbumin,pv2,as,10.787953,5.949603,2,as
119,parvalbumin,pv2,as,9.26771,4.9508033,2,as
120,parvalbumin,pv2,as,11.3508005,6.156202,2,as
121,parvalbumin,pv2,as,10.2723465,5.6828146,2,as
122,parvalbumin,pv2,as,9.347612,5.1155167,2,as
123,parvalbumin,pv2,as,10.2361965,5.633953,2,as
124,parvalbumin,pv2,as,10.147803,5.6148353,2,as
125,parvalbumin,pv2,as,10.131087,5.5847607,2,as
126,parvalbumin,pv2,as,10.393241,5.770477,2,as
127,parvalbumin,pv2,as,11.379785,4.7679205,2,as
128,parvalbumin,pv2,as,8.787075,4.668358,2,as
129,parvalbumin,pv2,as,11.323297,4.8317122,2,as
130,parvalbumin,pv2,as,11.276386,4.7423186,2,as
131,parvalbumin,pv2,as,12.0089035,4.2026896,2,as
132,parvalbumin,pv2,as,11.36793,4.1638207,2,as
133,parvalbumin,pv2,as,7.815633,4.513928,2,as
134,parvalbumin,pv2,as,11.39304,3.8894725,2,as
135,parvalbumin,pv2,as,12.034015,4.05673,2,as
136,parvalbumin,pv2,as,11.825499,3.7273142,2,as
137,parvalbumin,pv2,as,11.43612,3.5681696,2,as
138,parvalbumin,pv2,as,12.0477495,4.1561193,2,as
139,parvalbumin,pv2,as,12.0614395,4.133771,2,as
140,parvalbumin,pv2,as,12.0825205,4.068503,2,as
141,parvalbumin,pv2,as,12.066131,4.1578207,2,as
142,parvalbumin,pv2,as,11.481912,3.4768171,2,as
143,parvalbumin,pv2,as,11.487548,3.5036988,2,as
144,parvalbumin,pv2,as,11.579414,3.4438736,2,as
145,parvalbumin,pv2,as,8.175374,4.331395,2,as
146,parvalbumin,pv2,as,11.473808,3.3343174,2,as
147,parvalbumin,pv2,as,11.544306,3.3851058,2,as
148,parvalbumin,pv2,as,11.584457,3.3646214,2,as
149,parvalbumin,pv2,as,11.586619,3.3726969,2,as
150,parvalbumin,pv2,as,11.488373,3.3841228,2,as
1,parvalbumin,pv3,as,-1.4088447,8.393614,3,as
2,parvalbumin,pv3,as,-1.3286234,8.371674,3,as
3,parvalbumin,pv3,as,-1.493422,8.464929,3,as
4,parvalbumin,pv3,as,-1.4787576,8.403202,3,as
5,parvalbumin,pv3,as,-1.5285544,8.470591,3,as
6,parvalbumin,pv3,as,-1.5261974,8.50826,3,as
7,parvalbumin,pv3,as,-1.5704439,8.618018,3,as
8,parvalbumin,pv3,as,-1.5303757,8.509851,3,as
9,parvalbumin,pv3,as,-1.3506789,8.516943,3,as
10,parvalbumin,pv3,as,-1.2809465,8.632539,3,as
11,parvalbumin,pv3,as,-1.5391475,8.729927,3,as
12,parvalbumin,pv3,as,-1.5518956,8.85527,3,as
13,parvalbumin,pv3,as,-1.3881234,8.773313,3,as
14,parvalbumin,pv3,as,-1.5943223,8.648701,3,as
15,parvalbumin,pv3,as,-0.44717258,8.590793,3,as
16,parvalbumin,pv3,as,-1.4784869,8.902571,3,as
17,parvalbumin,pv3,as,-0.52081394,8.61116,3,as
18,parvalbumin,pv3,as,0.19220012,8.401574,3,as
19,parvalbumin,pv3,as,-1.4945928,9.11718,3,as
20,parvalbumin,pv3,as,-1.4276152,9.119929,3,as
21,parvalbumin,pv3,as,-1.4418235,9.091227,3,as
22,parvalbumin,pv3,as,-1.4544992,9.037521,3,as
23,parvalbumin,pv3,as,-1.4783858,9.075184,3,as
24,parvalbumin,pv3,as,-0.53345114,9.056022,3,as
25,parvalbumin,pv3,as,-1.3668025,9.184017,3,as
26,parvalbumin,pv3,as,-0.7529597,9.165372,3,as
27,parvalbumin,pv3,as,-1.2706226,9.279188,3,as
28,parvalbumin,pv3,as,0.3274992,8.382213,3,as
29,parvalbumin,pv3,as,0.31543112,8.367964,3,as
30,parvalbumin,pv3,as,-0.50959724,9.405023,3,as
31,parvalbumin,pv3,as,-0.3750915,9.157573,3,as
32,parvalbumin,pv3,as,-0.5420055,9.632678,3,as
33,parvalbumin,pv3,as,-0.9012286,9.542248,3,as
34,parvalbumin,pv3,as,0.003710598,8.613939,3,as
35,parvalbumin,pv3,as,-0.41081604,9.296678,3,as
36,parvalbumin,pv3,as,-0.273052,9.288819,3,as
37,parvalbumin,pv3,as,-0.46320057,9.690374,3,as
38,parvalbumin,pv3,as,0.0685359,8.628948,3,as
39,parvalbumin,pv3,as,0.13992831,8.628709,3,as
40,parvalbumin,pv3,as,-0.41146722,9.784987,3,as
41,parvalbumin,pv3,as,0.1008485,8.625598,3,as
42,parvalbumin,pv3,as,-0.1834176,9.441622,3,as
43,parvalbumin,pv3,as,-0.39871868,9.814503,3,as
44,parvalbumin,pv3,as,-0.4670958,9.813208,3,as
45,parvalbumin,pv3,as,-0.41575202,9.782349,3,as
46,parvalbumin,pv3,as,0.4515096,8.43408,3,as
47,parvalbumin,pv3,as,-0.22993416,9.728221,3,as
48,parvalbumin,pv3,as,-0.5335528,9.809346,3,as
49,parvalbumin,pv3,as,0.47289968,8.510617,3,as
50,parvalbumin,pv3,as,-0.5329646,9.750239,3,as
51,parvalbumin,pv3,as,0.10676843,9.67254,3,as
52,parvalbumin,pv3,as,0.109326415,9.654614,3,as
53,parvalbumin,pv3,as,0.10678281,9.624329,3,as
54,parvalbumin,pv3,as,0.15943384,9.843916,3,as
55,parvalbumin,pv3,as,0.66889036,8.675318,3,as
56,parvalbumin,pv3,as,0.40481284,9.873847,3,as
57,parvalbumin,pv3,as,0.654009,8.5945635,3,as
58,parvalbumin,pv3,as,1.2868192,9.893531,3,as
59,parvalbumin,pv3,as,1.1192467,9.0315075,3,as
60,parvalbumin,pv3,as,1.2162238,9.167287,3,as
61,parvalbumin,pv3,as,1.4249786,9.843464,3,as
62,parvalbumin,pv3,as,0.83376366,8.592782,3,as
63,parvalbumin,pv3,as,1.2051824,9.028593,3,as
64,parvalbumin,pv3,as,1.5508842,9.395343,3,as
65,parvalbumin,pv3,as,1.4322609,9.213666,3,as
66,parvalbumin,pv3,as,1.5759311,9.678115,3,as
67,parvalbumin,pv3,as,1.5652527,9.797506,3,as
68,parvalbumin,pv3,as,1.5798981,9.479308,3,as
69,parvalbumin,pv3,as,1.5857428,9.28789,3,as
70,parvalbumin,pv3,as,1.8608286,9.585012,3,as
71,parvalbumin,pv3,as,1.7538055,9.435671,3,as
72,parvalbumin,pv3,as,3.3453717,8.668387,3,as
73,parvalbumin,pv3,as,2.73336,10.131122,3,as
74,parvalbumin,pv3,as,3.2793002,8.695649,3,as
75,parvalbumin,pv3,as,3.286201,8.810565,3,as
76,parvalbumin,pv3,as,2.8433228,10.152174,3,as
77,parvalbumin,pv3,as,3.3083062,9.812074,3,as
78,parvalbumin,pv3,as,3.2182531,9.8228245,3,as
79,parvalbumin,pv3,as,2.6417994,10.152114,3,as
80,parvalbumin,pv3,as,3.5133832,9.393091,3,as
81,parvalbumin,pv3,as,3.388867,8.718373,3,as
82,parvalbumin,pv3,as,3.5967112,9.433372,3,as
83,parvalbumin,pv3,as,3.6976008,9.461018,3,as
84,parvalbumin,pv3,as,3.8358119,9.459395,3,as
85,parvalbumin,pv3,as,4.313916,9.862526,3,as
86,parvalbumin,pv3,as,5.52628,10.844328,4,as
87,parvalbumin,pv3,as,4.1551003,8.509924,3,as
88,parvalbumin,pv3,as,5.4997144,10.678839,4,as
89,parvalbumin,pv3,as,4.193775,8.400794,3,as
90,parvalbumin,pv3,as,5.558926,10.902253,4,as
91,parvalbumin,pv3,as,6.391575,5.4886856,2,as
92,parvalbumin,pv3,as,4.1923795,8.306841,3,as
93,parvalbumin,pv3,as,4.2531376,8.184387,3,as
94,parvalbumin,pv3,as,5.663809,9.8874445,4,as
95,parvalbumin,pv3,as,6.1602263,6.642696,2,as
96,parvalbumin,pv3,as,6.1654396,6.6646442,2,as
97,parvalbumin,pv3,as,6.175174,9.308183,4,as
98,parvalbumin,pv3,as,6.320226,6.6589074,2,as
99,parvalbumin,pv3,as,6.2630777,9.331964,4,as
100,parvalbumin,pv3,as,6.5062366,7.9347973,4,as
101,parvalbumin,pv3,as,6.5244594,5.3634,2,as
102,parvalbumin,pv3,as,6.395111,9.152456,4,as
103,parvalbumin,pv3,as,6.6066146,9.412632,4,as
104,parvalbumin,pv3,as,6.368824,6.509434,2,as
105,parvalbumin,pv3,as,6.5003815,6.383975,2,as
106,parvalbumin,pv3,as,6.966348,8.283553,4,as
107,parvalbumin,pv3,as,6.393189,6.7102685,2,as
108,parvalbumin,pv3,as,6.85458,7.8526063,4,as
109,parvalbumin,pv3,as,6.5735207,6.424282,2,as
110,parvalbumin,pv3,as,7.1487584,8.155249,4,as
111,parvalbumin,pv3,as,7.2903028,8.844099,4,as
112,parvalbumin,pv3,as,7.243644,8.299072,4,as
113,parvalbumin,pv3,as,8.200793,9.225901,-1,as
114,parvalbumin,pv3,as,7.379083,6.7888393,-1,as
115,parvalbumin,pv3,as,8.461959,9.134813,-1,as
116,parvalbumin,pv3,as,8.682107,8.847802,-1,as
117,parvalbumin,pv3,as,8.098518,6.211942,2,as
118,parvalbumin,pv3,as,8.598932,9.029535,-1,as
119,parvalbumin,pv3,as,8.7107115,6.3020706,2,as
120,parvalbumin,pv3,as,7.147582,5.178255,2,as
121,parvalbumin,pv3,as,8.283244,5.9658976,2,as
122,parvalbumin,pv3,as,8.789924,8.833922,-1,as
123,parvalbumin,pv3,as,8.824083,6.292843,2,as
124,parvalbumin,pv3,as,8.723224,6.1880045,2,as
125,parvalbumin,pv3,as,9.236611,6.1598797,2,as
126,parvalbumin,pv3,as,8.615802,5.7174935,2,as
127,parvalbumin,pv3,as,7.418978,4.8010964,2,as
128,parvalbumin,pv3,as,9.367223,5.9908214,2,as
129,parvalbumin,pv3,as,9.472387,5.951694,2,as
130,parvalbumin,pv3,as,11.0473,5.585347,2,as
131,parvalbumin,pv3,as,11.277715,5.920407,2,as
132,parvalbumin,pv3,as,11.360273,5.828369,2,as
133,parvalbumin,pv3,as,8.75714,4.8557596,2,as
134,parvalbumin,pv3,as,11.429768,6.161246,2,as
135,parvalbumin,pv3,as,8.85961,4.7819014,2,as
136,parvalbumin,pv3,as,8.642934,4.649038,2,as
137,parvalbumin,pv3,as,11.279836,4.974717,2,as
138,parvalbumin,pv3,as,11.512063,4.782696,2,as
139,parvalbumin,pv3,as,11.406735,4.7566276,2,as
140,parvalbumin,pv3,as,11.294752,4.789375,2,as
141,parvalbumin,pv3,as,8.791865,4.454594,2,as
142,parvalbumin,pv3,as,7.8223042,4.525088,2,as
143,parvalbumin,pv3,as,8.746659,4.3346214,2,as
144,parvalbumin,pv3,as,8.4190855,4.3036885,2,as
145,parvalbumin,pv3,as,10.789974,3.7582746,2,as
146,parvalbumin,pv3,as,8.756085,4.161293,2,as
147,parvalbumin,pv3,as,12.095941,2.9784038,2,as
148,parvalbumin,pv3,as,10.483678,3.7857378,2,as
149,parvalbumin,pv3,as,10.196824,3.8319607,2,as
150,parvalbumin,pv3,as,10.826033,3.6025252,2,as
151,parvalbumin,pv3,as,11.747205,2.6774168,2,as
152,parvalbumin,pv3,as,12.029722,2.7676299,2,as
153,parvalbumin,pv3,as,9.02247,3.9462538,2,as
154,parvalbumin,pv3,as,8.70555,4.1082597,2,as
155,parvalbumin,pv3,as,11.787308,2.5437963,2,as
156,parvalbumin,pv3,as,11.861773,2.6487918,2,as
157,parvalbumin,pv3,as,11.872778,1.6997969,-1,as
158,parvalbumin,pv3,as,11.854061,1.6128784,-1,as
159,parvalbumin,pv3,as,11.91742,2.0217712,2,as
160,parvalbumin,pv3,as,11.7489,0.60362816,1,as
161,parvalbumin,pv3,as,11.896046,1.7346926,-1,as
162,parvalbumin,pv3,as,11.800135,0.6439427,1,as
163,parvalbumin,pv3,as,11.948071,1.5907732,-1,as
164,parvalbumin,pv3,as,12.082925,1.7265744,-1,as
165,parvalbumin,pv3,as,11.713805,0.4879719,1,as
166,parvalbumin,pv3,as,11.838339,0.6713807,1,as
167,parvalbumin,pv3,as,11.784144,2.553482,2,as
168,parvalbumin,pv3,as,12.66152,0.33038753,1,as
169,parvalbumin,pv3,as,12.412635,0.2558498,1,as
170,parvalbumin,pv3,as,11.729571,0.05992671,1,as
171,parvalbumin,pv3,as,12.65977,0.18422283,1,as
172,parvalbumin,pv3,as,12.830576,0.056486912,1,as
173,parvalbumin,pv3,as,12.126471,0.15965155,1,as
174,parvalbumin,pv3,as,11.802151,-0.051974773,1,as
175,parvalbumin,pv3,as,12.742245,0.05805809,1,as
176,parvalbumin,pv3,as,12.21365,-0.029630158,1,as
177,parvalbumin,pv3,as,12.789779,0.0005110337,1,as
178,parvalbumin,pv3,as,12.844575,-0.023234198,1,as
179,parvalbumin,pv3,as,12.567022,-0.18692084,1,as
180,parvalbumin,pv3,as,12.101444,-0.8342405,1,as
181,parvalbumin,pv3,as,12.894995,-0.113517426,1,as
182,parvalbumin,pv3,as,12.327253,-0.50107044,1,as
183,parvalbumin,pv3,as,12.100157,-0.93409413,1,as
184,parvalbumin,pv3,as,12.949337,-0.23147042,1,as
185,parvalbumin,pv3,as,12.762999,-0.39979005,1,as
186,parvalbumin,pv3,as,12.842402,-0.4039922,1,as
187,parvalbumin,pv3,as,12.943787,-0.2934964,1,as
188,parvalbumin,pv3,as,12.189142,-1.1417173,1,as
189,parvalbumin,pv3,as,12.5135565,-1.0433809,1,as
190,parvalbumin,pv3,as,12.722499,-0.6752025,1,as
191,parvalbumin,pv3,as,12.324952,-1.1715401,1,as
192,parvalbumin,pv3,as,12.552991,-1.1100457,1,as
193,parvalbumin,pv3,as,12.351954,-1.1422769,1,as
194,parvalbumin,pv3,as,12.456615,-1.1548624,1,as
195,parvalbumin,pv3,as,13.00571,-0.6840476,1,as
196,parvalbumin,pv3,as,13.017039,-0.8733751,1,as
197,parvalbumin,pv3,as,13.038439,-0.85527354,1,as
198,parvalbumin,pv3,as,12.9985075,-1.1353651,1,as
199,parvalbumin,pv3,as,12.830151,-1.3151993,1,as
200,parvalbumin,pv3,as,12.964902,-1.173567,1,as
201,parvalbumin,pv3,as,13.08407,-1.2178147,1,as
202,parvalbumin,pv3,as,13.096148,-1.2546306,1,as
203,parvalbumin,pv3,as,13.351351,-1.9623022,1,as
204,parvalbumin,pv3,as,13.520796,-1.9694221,1,as
205,parvalbumin,pv3,as,13.380943,-2.1784556,1,as
206,parvalbumin,pv3,as,13.420773,-2.1305568,1,as
207,parvalbumin,pv3,as,13.941433,-2.244276,1,as
208,parvalbumin,pv3,as,14.10996,-2.4694116,1,as
209,parvalbumin,pv3,as,13.817845,-2.3867655,1,as
210,parvalbumin,pv3,as,14.009656,-2.4030075,1,as
211,parvalbumin,pv3,as,13.612346,-2.4068499,1,as
212,parvalbumin,pv3,as,13.435173,-2.3344338,1,as
213,parvalbumin,pv3,as,14.142997,-2.6146715,1,as
214,parvalbumin,pv3,as,13.468688,-2.3697777,1,as
215,parvalbumin,pv3,as,14.246617,-2.7180483,1,as
216,parvalbumin,pv3,as,14.279474,-2.7736058,1,as
217,parvalbumin,pv3,as,14.323904,-2.819016,1,as
218,parvalbumin,pv3,as,14.26618,-2.7874937,1,as
219,parvalbumin,pv3,as,14.34723,-2.8373356,1,as
220,parvalbumin,pv3,as,14.356879,-2.8399422,1,as
221,parvalbumin,pv3,as,13.634663,-2.5649736,1,as
222,parvalbumin,pv3,as,14.340694,-2.8352928,1,as
223,parvalbumin,pv3,as,14.323491,-2.825739,1,as
225,parvalbumin,pv3,as,14.37178,-2.8640568,1,as
2,calbindin,cb1,ss,1.7624121,2.923274,2,ss
3,calbindin,cb1,ss,1.5781926,2.863501,2,ss
4,calbindin,cb1,ss,1.427911,2.7163393,2,ss
5,calbindin,cb1,ss,1.5656232,2.6913714,2,ss
6,calbindin,cb1,ss,2.4610147,3.1582918,2,ss
8,calbindin,cb1,ss,1.3238436,2.445583,2,ss
9,calbindin,cb1,ss,1.4880592,2.0995374,2,ss
10,calbindin,cb1,ss,2.5723467,1.4152384,2,ss
11,calbindin,cb1,ss,2.4087324,0.780381,2,ss
12,calbindin,cb1,ss,2.6951773,0.7939002,2,ss
13,calbindin,cb1,ss,3.4748726,1.2705243,2,ss
14,calbindin,cb1,ss,4.57769,1.0132396,2,ss
15,calbindin,cb1,ss,5.221957,0.41151166,2,ss
16,calbindin,cb1,ss,7.1120114,0.2793814,2,ss
17,calbindin,cb1,ss,6.1999674,1.2781221,2,ss
18,calbindin,cb1,ss,7.3549867,0.39578804,2,ss
19,calbindin,cb1,ss,6.786759,1.3623902,2,ss
20,calbindin,cb1,ss,9.755294,0.875706,1,ss
21,calbindin,cb1,ss,9.566704,1.1891211,1,ss
22,calbindin,cb1,ss,9.462977,0.7164012,1,ss
23,calbindin,cb1,ss,9.6634,1.9645579,1,ss
24,calbindin,cb1,ss,10.478457,1.7830632,1,ss
25,calbindin,cb1,ss,10.472082,1.4693534,1,ss
1,calbindin,cb2,ss,1.9789124,1.6668394,2,ss
2,calbindin,cb2,ss,2.0561833,1.2569027,2,ss
3,calbindin,cb2,ss,2.3138382,1.5138319,2,ss
4,calbindin,cb2,ss,2.133212,1.1958773,2,ss
5,calbindin,cb2,ss,6.568607,1.3714695,2,ss
6,calbindin,cb2,ss,7.982155,0.7610155,2,ss
1,calbindin,cb3,ss,5.151714,3.4088602,2,ss
1,calretinin,cr1,ss,10.266397,1.6573043,1,ss
2,calretinin,cr1,ss,10.222646,1.9612833,1,ss
3,calretinin,cr1,ss,10.093897,1.2032409,1,ss
4,calretinin,cr1,ss,6.1818547,2.6190658,2,ss
5,calretinin,cr1,ss,4.6421514,2.6721258,2,ss
6,calretinin,cr1,ss,2.2553573,1.9439222,2,ss
7,calretinin,cr1,ss,1.9934442,1.8340191,2,ss
8,calretinin,cr1,ss,1.8365395,2.1289756,2,ss
2,calretinin,cr2,ss,9.835532,0.8459067,1,ss
3,calretinin,cr2,ss,7.8135,0.5353147,2,ss
4,calretinin,cr2,ss,4.4644494,1.788934,2,ss
1,calretinin,cr3,ss,9.97716,1.2037015,1,ss
2,calretinin,cr3,ss,9.656598,1.603381,1,ss
3,calretinin,cr3,ss,9.466168,1.8017708,1,ss
4,calretinin,cr3,ss,4.891409,3.150244,2,ss
5,calretinin,cr3,ss,4.714807,0.87322193,2,ss
6,calretinin,cr3,ss,4.6130056,0.5189547,2,ss
1,parvalbumin,pv1,ss,7.9062023,0.6279937,2,ss
3,parvalbumin,pv1,ss,6.563637,1.9884025,2,ss
4,parvalbumin,pv1,ss,6.782469,1.6141899,2,ss
5,parvalbumin,pv1,ss,7.658345,0.2526742,2,ss
6,parvalbumin,pv1,ss,6.96484,1.2233632,2,ss
7,parvalbumin,pv1,ss,5.450796,3.510034,2,ss
9,parvalbumin,pv1,ss,5.2705283,3.212143,2,ss
10,parvalbumin,pv1,ss,5.531138,1.1874993,2,ss
11,parvalbumin,pv1,ss,5.063289,1.9520229,2,ss
12,parvalbumin,pv1,ss,5.059938,2.0557716,2,ss
13,parvalbumin,pv1,ss,4.8467402,2.9590492,2,ss
15,parvalbumin,pv1,ss,4.7650986,3.5271416,2,ss
16,parvalbumin,pv1,ss,4.79794,1.3540194,2,ss
17,parvalbumin,pv1,ss,5.067301,3.545786,2,ss
18,parvalbumin,pv1,ss,4.776861,2.2430408,2,ss
19,parvalbumin,pv1,ss,4.4199123,3.3405871,2,ss
20,parvalbumin,pv1,ss,4.4238534,2.272126,2,ss
21,parvalbumin,pv1,ss,4.2582808,3.4200287,2,ss
1,parvalbumin,pv2,ss,1.8888522,1.4067684,2,ss
2,parvalbumin,pv2,ss,1.8553602,1.2461759,2,ss
3,parvalbumin,pv2,ss,3.3410954,3.0003963,2,ss
4,parvalbumin,pv2,ss,3.6112187,1.5577608,2,ss
5,parvalbumin,pv2,ss,3.3165586,3.2168925,2,ss
6,parvalbumin,pv2,ss,3.8283741,1.2549772,2,ss
7,parvalbumin,pv2,ss,2.6441324,1.0134606,2,ss
8,parvalbumin,pv2,ss,3.799602,1.179427,2,ss
9,parvalbumin,pv2,ss,3.8790405,1.5703739,2,ss
10,parvalbumin,pv2,ss,3.86827,3.286856,2,ss
11,parvalbumin,pv2,ss,3.1145475,0.643127,2,ss
12,parvalbumin,pv2,ss,3.880757,3.2187924,2,ss
13,parvalbumin,pv2,ss,4.3759584,0.6395227,2,ss
14,parvalbumin,pv2,ss,4.3071504,3.0126736,2,ss
15,parvalbumin,pv2,ss,5.159761,1.1780509,2,ss
16,parvalbumin,pv2,ss,4.7750573,1.065343,2,ss
17,parvalbumin,pv2,ss,4.5742245,0.5152341,2,ss
18,parvalbumin,pv2,ss,5.1390595,3.663288,2,ss
19,parvalbumin,pv2,ss,5.2581816,2.3456848,2,ss
20,parvalbumin,pv2,ss,7.6307063,0.71946985,2,ss
21,parvalbumin,pv2,ss,6.2534976,2.4990275,2,ss
22,parvalbumin,pv2,ss,7.484692,1.1132132,2,ss
23,parvalbumin,pv2,ss,7.728818,0.3403932,2,ss
24,parvalbumin,pv2,ss,8.0321045,0.13402392,2,ss
25,parvalbumin,pv2,ss,9.20883,0.8512413,1,ss
26,parvalbumin,pv2,ss,9.362965,0.7081752,1,ss
27,parvalbumin,pv2,ss,9.319605,2.008041,1,ss
28,parvalbumin,pv2,ss,9.418625,0.6825523,1,ss
1,parvalbumin,pv3,ss,2.091328,3.1453419,2,ss
2,parvalbumin,pv3,ss,2.480238,2.7384021,2,ss
3,parvalbumin,pv3,ss,2.1690836,2.950447,2,ss
4,parvalbumin,pv3,ss,1.563349,2.6136515,2,ss
5,parvalbumin,pv3,ss,2.2867067,2.9351962,2,ss
6,parvalbumin,pv3,ss,2.0562828,2.6997716,2,ss
8,parvalbumin,pv3,ss,2.7866504,3.106576,2,ss
9,parvalbumin,pv3,ss,1.510026,1.8250792,2,ss
10,parvalbumin,pv3,ss,2.7706635,2.9274948,2,ss
11,parvalbumin,pv3,ss,1.8050189,1.5430926,2,ss
12,parvalbumin,pv3,ss,2.8878093,2.8598378,2,ss
13,parvalbumin,pv3,ss,2.9015532,0.68553805,2,ss
14,parvalbumin,pv3,ss,4.1471167,3.4469032,2,ss
15,parvalbumin,pv3,ss,4.1467714,1.0172831,2,ss
16,parvalbumin,pv3,ss,4.615997,3.4054232,2,ss
17,parvalbumin,pv3,ss,6.8646474,0.8950301,2,ss
18,parvalbumin,pv3,ss,5.9588704,2.4982257,2,ss
19,parvalbumin,pv3,ss,7.980644,0.5197717,2,ss
21,parvalbumin,pv3,ss,9.7630825,1.3383474,1,ss
22,parvalbumin,pv3,ss,9.724753,1.4071169,1,ss
23,parvalbumin,pv3,ss,10.153677,1.2714334,1,ss
24,parvalbumin,pv3,ss,10.317779,1.4775743,1,ss
25,parvalbumin,pv3,ss,10.524367,1.4508184,1,ss
26,parvalbumin,pv3,ss,10.586667,1.5386835,1,ss
1,calbindin,cb1,as,10.627676,7.3130918,4,cb
2,calbindin,cb1,as,10.423403,7.3269057,4,cb
3,calbindin,cb1,as,10.389476,7.4172254,4,cb
6,calbindin,cb1,as,10.781035,7.1751533,4,cb
2,calbindin,cb1,ss,10.23482,7.004991,4,cb
9,calbindin,cb1,as,10.562648,7.0308294,4,cb
10,calbindin,cb1,as,10.944838,7.026541,4,cb
11,calbindin,cb1,as,10.851852,7.1212335,4,cb
3,calbindin,cb1,ss,10.158904,7.080578,4,cb
4,calbindin,cb1,ss,9.838087,7.1650033,4,cb
12,calbindin,cb1,as,9.816616,7.222692,4,cb
14,calbindin,cb1,as,10.678713,6.6527853,4,cb
15,calbindin,cb1,as,10.738223,6.7735066,4,cb
5,calbindin,cb1,ss,10.104398,6.8425627,4,cb
6,calbindin,cb1,ss,11.318154,6.9827714,4,cb
16,calbindin,cb1,as,10.030524,6.739755,4,cb
17,calbindin,cb1,as,10.942946,6.486223,4,cb
18,calbindin,cb1,as,11.174315,6.8111553,4,cb
8,calbindin,cb1,ss,9.843864,6.9886947,4,cb
19,calbindin,cb1,as,11.035683,6.552475,4,cb
20,calbindin,cb1,as,11.454343,6.7571354,4,cb
21,calbindin,cb1,as,11.276441,6.568281,4,cb
22,calbindin,cb1,as,11.366905,6.2843704,4,cb
23,calbindin,cb1,as,11.427707,6.4989314,4,cb
9,calbindin,cb1,ss,11.285061,6.757067,4,cb
24,calbindin,cb1,as,11.626632,6.316054,4,cb
25,calbindin,cb1,as,11.875875,6.314906,4,cb
26,calbindin,cb1,as,11.714572,6.548599,4,cb
27,calbindin,cb1,as,12.115476,6.31832,3,cb
28,calbindin,cb1,as,12.64568,6.326279,3,cb
29,calbindin,cb1,as,11.816626,6.9650993,4,cb
30,calbindin,cb1,as,12.96836,6.720628,3,cb
31,calbindin,cb1,as,13.559852,6.2274637,3,cb
32,calbindin,cb1,as,14.238231,6.194236,3,cb
33,calbindin,cb1,as,12.210498,6.9669685,-1,cb
34,calbindin,cb1,as,14.099667,6.2203045,3,cb
10,calbindin,cb1,ss,13.350063,6.7904572,3,cb
11,calbindin,cb1,ss,14.445047,6.2482157,3,cb
36,calbindin,cb1,as,13.466497,7.1427913,-1,cb
37,calbindin,cb1,as,14.119371,6.804349,3,cb
12,calbindin,cb1,ss,14.515112,6.698126,3,cb
13,calbindin,cb1,ss,13.579848,7.129146,3,cb
38,calbindin,cb1,as,13.994093,7.3098006,-1,cb
39,calbindin,cb1,as,14.978198,6.716329,3,cb
40,calbindin,cb1,as,15.341464,6.9041414,-1,cb
14,calbindin,cb1,ss,16.45319,7.6031814,1,cb
41,calbindin,cb1,as,16.905865,8.0492735,1,cb
42,calbindin,cb1,as,16.528706,7.370096,1,cb
43,calbindin,cb1,as,16.513195,6.7373724,1,cb
44,calbindin,cb1,as,16.861267,7.039491,1,cb
15,calbindin,cb1,ss,17.208937,6.907927,1,cb
45,calbindin,cb1,as,16.925194,7.429473,1,cb
47,calbindin,cb1,as,17.969477,7.004271,-1,cb
16,calbindin,cb1,ss,17.777626,6.920978,1,cb
17,calbindin,cb1,ss,17.917507,8.200347,1,cb
48,calbindin,cb1,as,18.141106,7.024458,-1,cb
18,calbindin,cb1,ss,18.364124,7.0744276,1,cb
49,calbindin,cb1,as,17.29022,8.435136,1,cb
50,calbindin,cb1,as,18.492188,8.300346,1,cb
19,calbindin,cb1,ss,18.668837,8.192597,1,cb
51,calbindin,cb1,as,19.163792,7.6380234,1,cb
52,calbindin,cb1,as,19.01296,8.208211,1,cb
53,calbindin,cb1,as,19.060005,7.240885,1,cb
54,calbindin,cb1,as,19.873053,7.4130883,1,cb
55,calbindin,cb1,as,19.898859,7.9291697,1,cb
56,calbindin,cb1,as,20.074675,7.963716,1,cb
57,calbindin,cb1,as,20.523603,7.508708,1,cb
58,calbindin,cb1,as,20.376446,6.947364,1,cb
59,calbindin,cb1,as,20.495121,7.11927,1,cb
20,calbindin,cb1,ss,20.725435,7.26888,1,cb
21,calbindin,cb1,ss,20.687374,7.1392164,1,cb
60,calbindin,cb1,as,20.548706,6.852718,1,cb
22,calbindin,cb1,ss,20.365124,6.687015,1,cb
61,calbindin,cb1,as,21.165049,7.9106812,-1,cb
23,calbindin,cb1,ss,21.361835,8.020646,1,cb
62,calbindin,cb1,as,21.910717,7.7125654,2,cb
63,calbindin,cb1,as,22.167618,7.565953,2,cb
64,calbindin,cb1,as,22.403297,7.450724,2,cb
65,calbindin,cb1,as,22.381897,7.861943,2,cb
66,calbindin,cb1,as,22.428823,7.353511,2,cb
67,calbindin,cb1,as,22.540384,7.853379,2,cb
68,calbindin,cb1,as,22.627527,7.6782875,2,cb
69,calbindin,cb1,as,22.626745,7.9133415,2,cb
71,calbindin,cb1,as,22.876297,8.212898,2,cb
72,calbindin,cb1,as,22.833668,7.7924023,2,cb
73,calbindin,cb1,as,22.720472,7.353571,2,cb
24,calbindin,cb1,ss,23.034836,8.230638,2,cb
74,calbindin,cb1,as,22.942135,8.309694,2,cb
75,calbindin,cb1,as,23.068089,7.612222,2,cb
25,calbindin,cb1,ss,22.924574,7.4009304,2,cb
76,calbindin,cb1,as,23.191008,8.276448,2,cb
77,calbindin,cb1,as,23.083084,8.449102,2,cb
78,calbindin,cb1,as,23.450407,7.6768417,2,cb
79,calbindin,cb1,as,23.440022,8.097828,2,cb
80,calbindin,cb1,as,23.619026,7.8668966,2,cb
81,calbindin,cb1,as,23.637604,7.5539813,2,cb
82,calbindin,cb1,as,23.55738,7.530062,2,cb
83,calbindin,cb1,as,23.580585,7.746164,2,cb
84,calbindin,cb1,as,23.663755,7.795332,2,cb
85,calbindin,cb1,as,23.66339,7.886441,2,cb
1,calbindin,cb2,ss,12.785617,6.324318,3,cb
2,calbindin,cb2,ss,13.12799,6.1833878,3,cb
3,calbindin,cb2,ss,13.003982,6.5689335,3,cb
2,calbindin,cb2,as,13.641736,6.415,3,cb
3,calbindin,cb2,as,13.463158,6.521465,3,cb
4,calbindin,cb2,ss,13.402511,6.178027,3,cb
4,calbindin,cb2,as,13.591978,6.893205,3,cb
5,calbindin,cb2,as,13.919414,6.5828395,3,cb
6,calbindin,cb2,as,14.368473,6.559369,3,cb
7,calbindin,cb2,as,15.366033,6.520781,-1,cb
8,calbindin,cb2,as,12.12301,7.1365285,-1,cb
9,calbindin,cb2,as,14.231621,6.7417593,3,cb
10,calbindin,cb2,as,15.182921,6.462048,-1,cb
12,calbindin,cb2,as,16.140577,7.4684677,-1,cb
13,calbindin,cb2,as,16.08402,6.6059866,-1,cb
14,calbindin,cb2,as,16.81253,8.228044,1,cb
15,calbindin,cb2,as,16.67387,7.0754533,1,cb
16,calbindin,cb2,as,17.07966,8.431224,1,cb
18,calbindin,cb2,as,16.579111,6.6794353,1,cb
21,calbindin,cb2,as,18.87578,7.7195277,1,cb
5,calbindin,cb2,ss,18.058237,8.292034,1,cb
22,calbindin,cb2,as,18.947273,7.620836,1,cb
23,calbindin,cb2,as,18.277891,8.384237,1,cb
24,calbindin,cb2,as,18.93201,7.1061015,1,cb
25,calbindin,cb2,as,18.944826,7.050563,1,cb
26,calbindin,cb2,as,19.592245,7.7340016,1,cb
27,calbindin,cb2,as,19.431429,7.8917255,1,cb
28,calbindin,cb2,as,19.247541,8.305839,1,cb
29,calbindin,cb2,as,19.650488,8.11446,1,cb
6,calbindin,cb2,ss,19.56014,7.967498,1,cb
30,calbindin,cb2,as,19.786915,7.407044,1,cb
31,calbindin,cb2,as,20.06433,6.9086494,1,cb
32,calbindin,cb2,as,20.212626,6.7737317,1,cb
33,calbindin,cb2,as,20.403301,6.6317463,1,cb
34,calbindin,cb2,as,21.168705,7.806645,-1,cb
35,calbindin,cb2,as,21.011923,7.658112,1,cb
1,calbindin,cb3,as,18.801004,7.449693,1,cb
2,calbindin,cb3,as,17.527132,8.209036,1,cb
1,calbindin,cb3,ss,17.148952,8.483279,1,cb
3,calbindin,cb3,as,17.150055,8.381549,1,cb
4,calbindin,cb3,as,16.53887,7.6401644,1,cb
5,calbindin,cb3,as,16.419746,6.6987,1,cb
1,calretinin,cr1,ss,-3.3325884,4.0019026,1,cr
2,calretinin,cr1,ss,-3.4298024,3.7441444,1,cr
1,calretinin,cr1,as,-3.4934194,4.746215,1,cr
3,calretinin,cr1,ss,-3.3402467,4.3286495,1,cr
2,calretinin,cr1,as,-3.550187,4.7502847,1,cr
3,calretinin,cr1,as,-3.746822,4.3821144,1,cr
4,calretinin,cr1,as,-3.3831847,4.0318975,1,cr
5,calretinin,cr1,as,-4.096353,2.9514906,2,cr
6,calretinin,cr1,as,-4.442125,4.722989,1,cr
7,calretinin,cr1,as,-4.581438,3.760304,2,cr
8,calretinin,cr1,as,-4.7315693,3.3438785,2,cr
4,calretinin,cr1,ss,-3.7696366,1.4345474,-1,cr
9,calretinin,cr1,as,-5.463685,4.0291185,2,cr
10,calretinin,cr1,as,-5.6727376,4.247765,2,cr
11,calretinin,cr1,as,-5.682915,4.018528,2,cr
12,calretinin,cr1,as,-5.724296,3.8143284,2,cr
13,calretinin,cr1,as,-5.1553054,1.8868717,-1,cr
14,calretinin,cr1,as,-5.6641226,1.5520281,5,cr
15,calretinin,cr1,as,-5.837741,1.1086407,5,cr
16,calretinin,cr1,as,-6.310143,0.7011401,-1,cr
17,calretinin,cr1,as,-4.2495837,0.3129801,3,cr
18,calretinin,cr1,as,-6.392134,0.19256112,-1,cr
19,calretinin,cr1,as,-5.553479,-0.8167944,5,cr
5,calretinin,cr1,ss,-4.078013,-0.14423667,3,cr
20,calretinin,cr1,as,-5.874318,-1.3881618,5,cr
21,calretinin,cr1,as,-5.644557,-1.7399924,5,cr
22,calretinin,cr1,as,-4.577247,-1.1398492,3,cr
23,calretinin,cr1,as,-5.7501197,-2.9947016,5,cr
24,calretinin,cr1,as,-5.6793833,-3.202242,5,cr
25,calretinin,cr1,as,-5.740888,-3.118128,5,cr
26,calretinin,cr1,as,-4.6307073,-2.9397116,4,cr
27,calretinin,cr1,as,-4.7455473,-3.8215103,-1,cr
6,calretinin,cr1,ss,-3.3466945,-3.6065333,4,cr
28,calretinin,cr1,as,-4.1340604,-4.2281933,4,cr
7,calretinin,cr1,ss,-3.4516304,-3.9986877,4,cr
29,calretinin,cr1,as,-3.570789,-4.457834,4,cr
8,calretinin,cr1,ss,-3.3238318,-4.347726,4,cr
30,calretinin,cr1,as,-4.0290813,-4.3603125,4,cr
31,calretinin,cr1,as,-3.0008135,-4.064091,4,cr
32,calretinin,cr1,as,-3.7928536,-4.6298656,4,cr
33,calretinin,cr1,as,-3.544224,-4.7043295,4,cr
34,calretinin,cr1,as,-3.3673623,-4.577793,4,cr
2,calretinin,cr2,ss,-3.8700037,4.745935,1,cr
1,calretinin,cr2,as,-4.031449,4.820835,1,cr
2,calretinin,cr2,as,-4.1791263,4.723094,1,cr
3,calretinin,cr2,as,-4.11889,4.9254894,1,cr
4,calretinin,cr2,as,-4.5245104,3.837237,2,cr
5,calretinin,cr2,as,-4.6579785,4.162178,2,cr
6,calretinin,cr2,as,-4.4745336,2.923771,2,cr
7,calretinin,cr2,as,-4.440976,2.6759157,2,cr
8,calretinin,cr2,as,-4.9302278,3.4269247,2,cr
9,calretinin,cr2,as,-3.9960885,1.7283921,-1,cr
10,calretinin,cr2,as,-4.8668966,2.9123023,2,cr
11,calretinin,cr2,as,-5.371414,3.5074775,2,cr
3,calretinin,cr2,ss,-5.4907045,3.684123,2,cr
12,calretinin,cr2,as,-5.864037,4.1978617,2,cr
13,calretinin,cr2,as,-5.9346147,4.2299438,2,cr
14,calretinin,cr2,as,-3.9922793,1.4951955,-1,cr
15,calretinin,cr2,as,-3.9332237,1.3016422,-1,cr
16,calretinin,cr2,as,-5.8546214,3.3377066,2,cr
17,calretinin,cr2,as,-6.0890937,4.1521044,2,cr
18,calretinin,cr2,as,-5.50973,1.3122833,5,cr
19,calretinin,cr2,as,-5.24473,1.3053172,5,cr
20,calretinin,cr2,as,-4.957498,0.8874257,5,cr
21,calretinin,cr2,as,-5.6655083,0.8711001,5,cr
22,calretinin,cr2,as,-4.0489464,0.45319527,3,cr
23,calretinin,cr2,as,-5.400318,0.66200703,5,cr
24,calretinin,cr2,as,-5.587533,0.4727986,5,cr
25,calretinin,cr2,as,-6.423135,0.085902736,-1,cr
26,calretinin,cr2,as,-5.309048,-0.13107328,5,cr
27,calretinin,cr2,as,-5.963568,-1.1316481,5,cr
28,calretinin,cr2,as,-4.5780206,-0.6280305,3,cr
29,calretinin,cr2,as,-5.5476604,-1.1228129,5,cr
30,calretinin,cr2,as,-6.155116,-1.4492055,5,cr
4,calretinin,cr2,ss,-4.3515086,-0.6544771,3,cr
31,calretinin,cr2,as,-4.0768,-0.046168946,3,cr
32,calretinin,cr2,as,-6.128557,-2.7582703,5,cr
33,calretinin,cr2,as,-5.9089427,-2.6686091,5,cr
34,calretinin,cr2,as,-5.8803945,-2.6065104,5,cr
35,calretinin,cr2,as,-5.3273473,-2.4500906,4,cr
36,calretinin,cr2,as,-5.5329804,-3.07221,5,cr
37,calretinin,cr2,as,-4.937287,-2.7294269,4,cr
38,calretinin,cr2,as,-4.238162,-1.9198393,3,cr
39,calretinin,cr2,as,-4.007479,-3.550059,4,cr
40,calretinin,cr2,as,-3.8201094,-2.1857893,-1,cr
41,calretinin,cr2,as,-3.7165852,-3.803379,4,cr
42,calretinin,cr2,as,-3.5621557,-4.071722,4,cr
43,calretinin,cr2,as,-3.7631392,-4.225834,4,cr
44,calretinin,cr2,as,-3.0822268,-3.8749907,4,cr
45,calretinin,cr2,as,-3.9259698,-4.552305,4,cr
46,calretinin,cr2,as,-2.955199,-4.1451397,4,cr
1,calretinin,cr3,as,-3.5489554,4.6065435,1,cr
1,calretinin,cr3,ss,-3.1988811,4.459679,1,cr
2,calretinin,cr3,ss,-3.5011945,3.809926,1,cr
2,calretinin,cr3,as,-3.773816,4.1806974,1,cr
3,calretinin,cr3,ss,-3.9143722,3.0452142,2,cr
3,calretinin,cr3,as,-4.049975,2.4956722,2,cr
4,calretinin,cr3,as,-4.4616885,2.5043309,2,cr
5,calretinin,cr3,as,-3.719521,1.5376728,-1,cr
6,calretinin,cr3,as,-5.9283032,4.024854,2,cr
7,calretinin,cr3,as,-5.808233,0.9929901,5,cr
8,calretinin,cr3,as,-6.269875,0.52137935,-1,cr
9,calretinin,cr3,as,-5.310912,0.12938158,5,cr
4,calretinin,cr3,ss,-3.9474885,0.2861667,3,cr
5,calretinin,cr3,ss,-5.267969,-0.56501174,5,cr
10,calretinin,cr3,as,-6.231158,-1.7999591,5,cr
6,calretinin,cr3,ss,-5.7110186,-1.3735703,5,cr
11,calretinin,cr3,as,-5.9382563,-1.546025,5,cr
12,calretinin,cr3,as,-6.1060424,-2.1513321,5,cr
13,calretinin,cr3,as,-4.657971,-1.3147758,3,cr
14,calretinin,cr3,as,-5.918606,-2.852773,5,cr
15,calretinin,cr3,as,-5.261837,-2.555847,4,cr
16,calretinin,cr3,as,-4.1746883,-1.5601103,3,cr
17,calretinin,cr3,as,-4.786724,-3.042094,4,cr
18,calretinin,cr3,as,-4.367234,-3.3116927,4,cr
19,calretinin,cr3,as,-4.4507537,-3.832964,4,cr
20,calretinin,cr3,as,-4.1551313,-3.8523262,4,cr
21,calretinin,cr3,as,-4.293589,-4.2613697,4,cr
22,calretinin,cr3,as,-3.193798,-4.169463,4,cr
2,parvalbumin,pv1,as,-2.042174,1.111086,2,pv
3,parvalbumin,pv1,as,2.0378635,2.9949837,2,pv
1,parvalbumin,pv1,ss,-1.6777091,1.4389753,2,pv
3,parvalbumin,pv1,ss,1.6117957,2.9199495,2,pv
4,parvalbumin,pv1,as,-1.4781827,1.8048259,2,pv
5,parvalbumin,pv1,as,-2.0825713,1.8073798,2,pv
6,parvalbumin,pv1,as,-2.2438416,1.6444865,2,pv
7,parvalbumin,pv1,as,-2.0927281,1.6099565,2,pv
4,parvalbumin,pv1,ss,1.1232058,2.6797678,2,pv
8,parvalbumin,pv1,as,2.0237246,3.150015,2,pv
9,parvalbumin,pv1,as,-2.05052,1.7666523,2,pv
10,parvalbumin,pv1,as,-1.8449624,1.5326091,2,pv
11,parvalbumin,pv1,as,-1.8961478,1.7050015,2,pv
5,parvalbumin,pv1,ss,-1.7875108,1.8674983,2,pv
6,parvalbumin,pv1,ss,0.4690569,2.8333497,2,pv
7,parvalbumin,pv1,ss,2.8539903,3.419368,2,pv
12,parvalbumin,pv1,as,2.8440287,3.435167,2,pv
13,parvalbumin,pv1,as,1.6190418,3.2813766,2,pv
14,parvalbumin,pv1,as,2.8301995,3.4115674,2,pv
16,parvalbumin,pv1,as,0.2631858,3.271776,2,pv
17,parvalbumin,pv1,as,1.8761932,4.5073547,2,pv
18,parvalbumin,pv1,as,-1.2685117,4.089485,2,pv
19,parvalbumin,pv1,as,3.0047479,3.704908,2,pv
9,parvalbumin,pv1,ss,2.9609714,3.5871363,2,pv
10,parvalbumin,pv1,ss,1.1883882,4.601323,2,pv
20,parvalbumin,pv1,as,0.47243515,5.226456,2,pv
22,parvalbumin,pv1,as,1.5356542,4.7708464,2,pv
23,parvalbumin,pv1,as,2.05273,4.7264824,2,pv
11,parvalbumin,pv1,ss,2.0482566,4.6626453,2,pv
12,parvalbumin,pv1,ss,2.2778494,4.5679884,2,pv
24,parvalbumin,pv1,as,0.24581069,5.7568803,2,pv
25,parvalbumin,pv1,as,-0.008607184,5.997886,2,pv
13,parvalbumin,pv1,ss,2.833761,4.130635,2,pv
26,parvalbumin,pv1,as,0.30795205,5.684161,2,pv
15,parvalbumin,pv1,ss,3.1506848,3.8412704,2,pv
16,parvalbumin,pv1,ss,1.9445993,5.170714,2,pv
27,parvalbumin,pv1,as,2.5795038,4.4863553,2,pv
17,parvalbumin,pv1,ss,3.0595992,3.5808134,2,pv
18,parvalbumin,pv1,ss,2.365644,4.5894113,2,pv
28,parvalbumin,pv1,as,-0.0005309849,6.3623734,2,pv
29,parvalbumin,pv1,as,1.489613,5.5378394,2,pv
19,parvalbumin,pv1,ss,3.1424947,3.9293516,2,pv
30,parvalbumin,pv1,as,0.26867396,6.3068686,2,pv
31,parvalbumin,pv1,as,2.809415,4.426083,2,pv
32,parvalbumin,pv1,as,1.3808273,5.9358535,2,pv
33,parvalbumin,pv1,as,1.4542443,6.0430183,2,pv
34,parvalbumin,pv1,as,1.4059895,6.10348,2,pv
35,parvalbumin,pv1,as,2.0926375,5.128038,2,pv
36,parvalbumin,pv1,as,1.8134196,5.484546,2,pv
37,parvalbumin,pv1,as,1.5143743,5.4971743,2,pv
38,parvalbumin,pv1,as,1.6998177,5.7492714,2,pv
39,parvalbumin,pv1,as,3.3239398,3.9570835,2,pv
40,parvalbumin,pv1,as,1.0168964,6.6012974,2,pv
20,parvalbumin,pv1,ss,2.630851,4.64741,2,pv
41,parvalbumin,pv1,as,1.0297767,6.571372,2,pv
21,parvalbumin,pv1,ss,3.2255826,3.9985294,2,pv
42,parvalbumin,pv1,as,0.94757545,6.988127,2,pv
43,parvalbumin,pv1,as,3.3918898,3.919123,2,pv
44,parvalbumin,pv1,as,1.2248354,6.8963246,2,pv
45,parvalbumin,pv1,as,1.035094,8.084965,2,pv
46,parvalbumin,pv1,as,1.3151532,7.219941,2,pv
47,parvalbumin,pv1,as,2.8807812,6.3993993,2,pv
1,parvalbumin,pv2,ss,3.9084308,8.145493,2,pv
1,parvalbumin,pv2,as,5.0665984,8.406195,2,pv
2,parvalbumin,pv2,as,3.7523057,7.830406,2,pv
2,parvalbumin,pv2,ss,3.885811,8.204387,2,pv
3,parvalbumin,pv2,as,3.920458,8.2177925,2,pv
4,parvalbumin,pv2,as,3.7831697,8.048285,2,pv
5,parvalbumin,pv2,as,3.9648569,8.282289,2,pv
6,parvalbumin,pv2,as,3.6037252,6.9542766,2,pv
7,parvalbumin,pv2,as,3.5773597,7.9482117,2,pv
8,parvalbumin,pv2,as,3.3125029,7.42691,2,pv
9,parvalbumin,pv2,as,3.537071,6.945714,2,pv
10,parvalbumin,pv2,as,3.6045396,4.6405926,2,pv
3,parvalbumin,pv2,ss,3.5989475,4.6968536,2,pv
11,parvalbumin,pv2,as,3.1990948,6.457681,2,pv
12,parvalbumin,pv2,as,2.8914607,7.3086886,2,pv
4,parvalbumin,pv2,ss,3.008042,6.348152,2,pv
13,parvalbumin,pv2,as,1.2162498,7.721058,2,pv
14,parvalbumin,pv2,as,3.0468934,6.8805594,2,pv
15,parvalbumin,pv2,as,3.1123288,6.656895,2,pv
5,parvalbumin,pv2,ss,3.5993037,4.411356,2,pv
16,parvalbumin,pv2,as,1.1713294,7.7597675,2,pv
17,parvalbumin,pv2,as,1.3840674,7.214993,2,pv
6,parvalbumin,pv2,ss,2.7200432,6.1578126,2,pv
7,parvalbumin,pv2,ss,2.983793,7.4385796,2,pv
18,parvalbumin,pv2,as,0.84315956,7.7574286,2,pv
8,parvalbumin,pv2,ss,2.505156,6.2723055,2,pv
19,parvalbumin,pv2,as,1.284431,7.4689136,2,pv
9,parvalbumin,pv2,ss,2.6818304,5.903088,2,pv
20,parvalbumin,pv2,as,1.1666269,8.346315,2,pv
21,parvalbumin,pv2,as,1.1124014,7.583947,2,pv
22,parvalbumin,pv2,as,0.944874,8.013269,2,pv
23,parvalbumin,pv2,as,1.9172313,7.0208206,2,pv
24,parvalbumin,pv2,as,0.85129493,7.767845,2,pv
25,parvalbumin,pv2,as,0.7860262,7.818514,2,pv
26,parvalbumin,pv2,as,0.80576134,7.8995495,2,pv
27,parvalbumin,pv2,as,1.0901635,8.031829,2,pv
28,parvalbumin,pv2,as,1.31721,7.286937,2,pv
29,parvalbumin,pv2,as,0.9190925,8.001221,2,pv
10,parvalbumin,pv2,ss,3.4238153,4.124894,2,pv
30,parvalbumin,pv2,as,1.5286013,6.6951737,2,pv
31,parvalbumin,pv2,as,1.661381,6.4697986,2,pv
32,parvalbumin,pv2,as,1.1513834,7.4957423,2,pv
33,parvalbumin,pv2,as,1.1954553,8.427422,2,pv
34,parvalbumin,pv2,as,1.2233539,8.429084,2,pv
35,parvalbumin,pv2,as,1.2333435,8.489143,2,pv
36,parvalbumin,pv2,as,1.2078763,8.446351,2,pv
37,parvalbumin,pv2,as,1.2127733,8.442688,2,pv
11,parvalbumin,pv2,ss,0.7492027,7.43716,2,pv
12,parvalbumin,pv2,ss,3.3283947,4.150795,2,pv
38,parvalbumin,pv2,as,0.6616516,7.491117,2,pv
39,parvalbumin,pv2,as,1.5342191,6.4206614,2,pv
40,parvalbumin,pv2,as,1.6454303,6.307706,2,pv
41,parvalbumin,pv2,as,1.3942534,6.2978635,2,pv
13,parvalbumin,pv2,ss,0.70440704,6.2596383,2,pv
14,parvalbumin,pv2,ss,3.1031392,4.158976,2,pv
42,parvalbumin,pv2,as,0.34886274,7.207155,2,pv
43,parvalbumin,pv2,as,0.446367,6.377781,2,pv
44,parvalbumin,pv2,as,1.5458128,6.0608974,2,pv
45,parvalbumin,pv2,as,0.033110008,7.050899,2,pv
46,parvalbumin,pv2,as,-0.000129753,6.9082584,2,pv
47,parvalbumin,pv2,as,0.4789444,6.0432553,2,pv
48,parvalbumin,pv2,as,0.061619565,7.2094216,2,pv
49,parvalbumin,pv2,as,1.6869974,6.016017,2,pv
50,parvalbumin,pv2,as,-0.0113605615,6.669358,2,pv
51,parvalbumin,pv2,as,-0.3308958,6.7827826,2,pv
52,parvalbumin,pv2,as,-0.43649253,6.6042356,2,pv
15,parvalbumin,pv2,ss,1.0726115,5.3813887,2,pv
53,parvalbumin,pv2,as,-0.32481444,6.6001573,2,pv
54,parvalbumin,pv2,as,-0.20465913,6.583023,2,pv
55,parvalbumin,pv2,as,0.44720533,5.844684,2,pv
56,parvalbumin,pv2,as,-0.10871053,7.0252404,2,pv
57,parvalbumin,pv2,as,-0.20276037,6.9128127,2,pv
16,parvalbumin,pv2,ss,1.4807541,5.708865,2,pv
58,parvalbumin,pv2,as,2.4042232,4.7597275,2,pv
59,parvalbumin,pv2,as,-0.42989886,6.4872828,2,pv
60,parvalbumin,pv2,as,-0.07269632,6.013348,2,pv
61,parvalbumin,pv2,as,0.026205566,5.9500704,2,pv
62,parvalbumin,pv2,as,0.28302366,5.790035,2,pv
63,parvalbumin,pv2,as,0.32927805,5.7563057,2,pv
64,parvalbumin,pv2,as,0.5292906,5.473877,2,pv
65,parvalbumin,pv2,as,-0.3801265,6.443841,2,pv
66,parvalbumin,pv2,as,-0.41955414,6.5455847,2,pv
17,parvalbumin,pv2,ss,0.053767156,5.9783506,2,pv
67,parvalbumin,pv2,as,-0.33095932,6.3415413,2,pv
68,parvalbumin,pv2,as,0.2888312,6.213196,2,pv
69,parvalbumin,pv2,as,2.3728905,4.8530297,2,pv
70,parvalbumin,pv2,as,-0.25092977,6.892447,2,pv
71,parvalbumin,pv2,as,0.34654891,5.949952,2,pv
72,parvalbumin,pv2,as,0.83853805,5.6162796,2,pv
73,parvalbumin,pv2,as,0.29614648,5.5805373,2,pv
18,parvalbumin,pv2,ss,3.1171389,3.6183293,2,pv
74,parvalbumin,pv2,as,-0.3559602,4.771061,2,pv
75,parvalbumin,pv2,as,0.94216704,5.0490274,2,pv
76,parvalbumin,pv2,as,-0.4355249,4.524454,2,pv
77,parvalbumin,pv2,as,3.0536838,3.6884255,2,pv
78,parvalbumin,pv2,as,-0.73386276,4.2211733,2,pv
79,parvalbumin,pv2,as,1.3138946,4.945333,2,pv
80,parvalbumin,pv2,as,-0.6312221,4.331035,2,pv
81,parvalbumin,pv2,as,-0.47983846,4.3777905,2,pv
82,parvalbumin,pv2,as,1.7750716,4.3178034,2,pv
83,parvalbumin,pv2,as,-0.03361125,4.159741,2,pv
84,parvalbumin,pv2,as,-0.19970572,4.3137436,2,pv
85,parvalbumin,pv2,as,-0.6563576,4.2478747,2,pv
86,parvalbumin,pv2,as,-0.5073297,4.258296,2,pv
88,parvalbumin,pv2,as,-1.1146342,3.495359,2,pv
89,parvalbumin,pv2,as,-1.2196412,3.6445315,2,pv
19,parvalbumin,pv2,ss,2.197689,4.3128724,2,pv
90,parvalbumin,pv2,as,-0.8675876,4.0858,2,pv
91,parvalbumin,pv2,as,-0.85847545,4.0779247,2,pv
92,parvalbumin,pv2,as,-0.23546374,4.08891,2,pv
93,parvalbumin,pv2,as,-1.0456872,3.6066723,2,pv
94,parvalbumin,pv2,as,-1.4015405,3.2846224,2,pv
95,parvalbumin,pv2,as,-1.1951991,3.7366922,2,pv
96,parvalbumin,pv2,as,-0.48061562,2.9145317,2,pv
97,parvalbumin,pv2,as,-1.1196165,3.3889685,2,pv
98,parvalbumin,pv2,as,-1.471797,3.236814,2,pv
99,parvalbumin,pv2,as,-0.39235637,3.0294237,2,pv
100,parvalbumin,pv2,as,-1.2938281,3.4922004,2,pv
101,parvalbumin,pv2,as,-0.5938735,2.5951905,2,pv
102,parvalbumin,pv2,as,-0.39650756,2.938867,2,pv
103,parvalbumin,pv2,as,-0.39762795,2.9580185,2,pv
104,parvalbumin,pv2,as,-1.4157872,3.2385006,2,pv
105,parvalbumin,pv2,as,-0.7433469,2.4957304,2,pv
106,parvalbumin,pv2,as,-0.16901237,2.5429392,2,pv
20,parvalbumin,pv2,ss,-0.7294147,2.3569236,2,pv
107,parvalbumin,pv2,as,-0.5928375,2.1892436,2,pv
108,parvalbumin,pv2,as,-0.34799722,2.3471062,2,pv
109,parvalbumin,pv2,as,-0.16383888,2.1542873,2,pv
110,parvalbumin,pv2,as,-0.71974325,1.9513144,2,pv
111,parvalbumin,pv2,as,-0.24525917,2.1162457,2,pv
21,parvalbumin,pv2,ss,2.051162,3.0652385,2,pv
22,parvalbumin,pv2,ss,-0.106258415,2.1640782,2,pv
23,parvalbumin,pv2,ss,-0.7319863,1.9182905,2,pv
112,parvalbumin,pv2,as,0.12569942,2.4394157,2,pv
113,parvalbumin,pv2,as,0.3596633,2.380482,2,pv
114,parvalbumin,pv2,as,0.32176378,2.3327394,2,pv
115,parvalbumin,pv2,as,-1.7859229,2.0436316,2,pv
116,parvalbumin,pv2,as,-1.5719401,1.857263,2,pv
117,parvalbumin,pv2,as,-2.0574787,2.1608179,2,pv
118,parvalbumin,pv2,as,-1.4895408,2.019858,2,pv
119,parvalbumin,pv2,as,0.42116803,2.5841367,2,pv
120,parvalbumin,pv2,as,-2.1985655,1.7853286,2,pv
121,parvalbumin,pv2,as,-0.7261332,1.9010832,2,pv
122,parvalbumin,pv2,as,0.29866636,2.2573628,2,pv
123,parvalbumin,pv2,as,-0.6502669,1.8826025,2,pv
124,parvalbumin,pv2,as,-0.52165174,1.9788709,2,pv
125,parvalbumin,pv2,as,-0.6467691,1.881551,2,pv
126,parvalbumin,pv2,as,-0.7625945,1.9231511,2,pv
127,parvalbumin,pv2,as,-2.0273395,1.1766075,2,pv
128,parvalbumin,pv2,as,1.1432669,2.5854578,2,pv
129,parvalbumin,pv2,as,-1.9477688,1.1958712,2,pv
24,parvalbumin,pv2,ss,-2.3397493,1.0952528,2,pv
130,parvalbumin,pv2,as,-1.9377984,1.0350574,2,pv
131,parvalbumin,pv2,as,-2.4966378,0.83109444,2,pv
132,parvalbumin,pv2,as,-2.6330657,-0.0055316873,2,pv
133,parvalbumin,pv2,as,1.8666086,2.9003015,2,pv
134,parvalbumin,pv2,as,-2.7384388,-0.3001052,2,pv
135,parvalbumin,pv2,as,-2.674292,0.5964163,2,pv
136,parvalbumin,pv2,as,-2.7654152,0.09182767,2,pv
137,parvalbumin,pv2,as,-2.7677917,-0.44896677,2,pv
138,parvalbumin,pv2,as,-2.5978687,0.75665265,2,pv
139,parvalbumin,pv2,as,-2.6692433,0.67150605,2,pv
140,parvalbumin,pv2,as,-2.6854703,0.63409144,2,pv
141,parvalbumin,pv2,as,-2.5924022,0.77154696,2,pv
25,parvalbumin,pv2,ss,-2.86127,-0.5748446,2,pv
142,parvalbumin,pv2,as,-2.8637433,-0.5737215,2,pv
143,parvalbumin,pv2,as,-2.7995071,-0.49616897,2,pv
144,parvalbumin,pv2,as,-2.8689663,-0.5752724,2,pv
26,parvalbumin,pv2,ss,-2.9145575,-0.64273435,2,pv
145,parvalbumin,pv2,as,1.7291986,2.61394,2,pv
146,parvalbumin,pv2,as,-2.992726,-0.73775816,2,pv
147,parvalbumin,pv2,as,-2.9491572,-0.68959725,2,pv
148,parvalbumin,pv2,as,-2.9361122,-0.66556966,2,pv
149,parvalbumin,pv2,as,-3.0055485,-0.74740386,2,pv
27,parvalbumin,pv2,ss,1.6552973,2.5637841,2,pv
150,parvalbumin,pv2,as,-2.989808,-0.7253539,2,pv
28,parvalbumin,pv2,ss,-3.0221815,-0.78673255,2,pv
1,parvalbumin,pv3,as,8.363144,8.331544,2,pv
2,parvalbumin,pv3,as,8.300987,8.286416,2,pv
3,parvalbumin,pv3,as,8.372793,8.431268,2,pv
1,parvalbumin,pv3,ss,6.2386236,7.1168094,2,pv
4,parvalbumin,pv3,as,8.318537,8.388661,2,pv
2,parvalbumin,pv3,ss,6.234912,7.120958,2,pv
5,parvalbumin,pv3,as,8.300866,8.388409,2,pv
6,parvalbumin,pv3,as,8.263321,8.432728,2,pv
7,parvalbumin,pv3,as,8.313411,8.482633,2,pv
8,parvalbumin,pv3,as,8.2655,8.423978,2,pv
9,parvalbumin,pv3,as,8.014269,8.421176,2,pv
10,parvalbumin,pv3,as,7.8869147,8.37595,2,pv
3,parvalbumin,pv3,ss,6.224044,7.1281404,2,pv
11,parvalbumin,pv3,as,8.130488,8.548354,2,pv
12,parvalbumin,pv3,as,8.004688,8.637696,2,pv
13,parvalbumin,pv3,as,7.971226,8.482165,2,pv
14,parvalbumin,pv3,as,8.18386,8.54644,2,pv
15,parvalbumin,pv3,as,6.976683,7.877717,2,pv
16,parvalbumin,pv3,as,7.90629,8.541593,2,pv
17,parvalbumin,pv3,as,7.1442137,7.9533124,2,pv
18,parvalbumin,pv3,as,6.1458387,7.0957513,2,pv
19,parvalbumin,pv3,as,7.768533,8.701791,2,pv
20,parvalbumin,pv3,as,7.7276883,8.748048,2,pv
21,parvalbumin,pv3,as,7.8968453,8.619581,2,pv
22,parvalbumin,pv3,as,7.723773,8.664535,2,pv
23,parvalbumin,pv3,as,7.830535,8.625274,2,pv
24,parvalbumin,pv3,as,6.9905233,8.16295,2,pv
25,parvalbumin,pv3,as,7.521194,8.831195,2,pv
26,parvalbumin,pv3,as,7.237106,8.276639,2,pv
4,parvalbumin,pv3,ss,7.716233,8.605054,2,pv
27,parvalbumin,pv3,as,7.310571,8.862501,2,pv
28,parvalbumin,pv3,as,6.1007586,7.0517836,2,pv
29,parvalbumin,pv3,as,6.14298,7.075139,2,pv
30,parvalbumin,pv3,as,6.9106264,8.354643,2,pv
31,parvalbumin,pv3,as,6.871647,8.137076,2,pv
32,parvalbumin,pv3,as,6.777061,8.563123,2,pv
33,parvalbumin,pv3,as,7.121901,8.852406,2,pv
34,parvalbumin,pv3,as,6.3516293,7.469735,2,pv
35,parvalbumin,pv3,as,6.844675,8.304329,2,pv
36,parvalbumin,pv3,as,6.8066025,8.241348,2,pv
37,parvalbumin,pv3,as,6.773122,8.564895,2,pv
5,parvalbumin,pv3,ss,6.0439525,7.14993,2,pv
38,parvalbumin,pv3,as,6.3236413,7.4488854,2,pv
39,parvalbumin,pv3,as,6.2617803,7.422483,2,pv
6,parvalbumin,pv3,ss,6.2663193,7.411007,2,pv
40,parvalbumin,pv3,as,6.669289,8.703445,2,pv
41,parvalbumin,pv3,as,6.2925844,7.3992486,2,pv
42,parvalbumin,pv3,as,6.553315,8.288872,2,pv
43,parvalbumin,pv3,as,6.6158614,8.689037,2,pv
44,parvalbumin,pv3,as,6.7828584,8.766818,2,pv
45,parvalbumin,pv3,as,6.634614,8.694819,2,pv
46,parvalbumin,pv3,as,6.011638,7.165088,2,pv
47,parvalbumin,pv3,as,6.5279675,8.595652,2,pv
48,parvalbumin,pv3,as,6.8544173,8.834423,2,pv
49,parvalbumin,pv3,as,5.9508805,7.204019,2,pv
50,parvalbumin,pv3,as,6.845617,8.80794,2,pv
51,parvalbumin,pv3,as,6.276927,8.492578,2,pv
52,parvalbumin,pv3,as,6.237838,8.457895,2,pv
53,parvalbumin,pv3,as,6.2011356,8.427372,2,pv
54,parvalbumin,pv3,as,6.111921,8.533252,2,pv
55,parvalbumin,pv3,as,5.738424,7.3057957,2,pv
56,parvalbumin,pv3,as,5.9057293,8.517561,2,pv
57,parvalbumin,pv3,as,5.6993737,7.199821,2,pv
58,parvalbumin,pv3,as,5.2416987,8.452842,2,pv
59,parvalbumin,pv3,as,5.2288904,7.6959014,2,pv
60,parvalbumin,pv3,as,5.108627,7.8327184,2,pv
61,parvalbumin,pv3,as,5.1283193,8.415266,2,pv
8,parvalbumin,pv3,ss,5.5534654,7.037962,2,pv
9,parvalbumin,pv3,ss,4.9990363,8.4724455,2,pv
62,parvalbumin,pv3,as,5.4899573,7.07512,2,pv
63,parvalbumin,pv3,as,5.007648,7.698469,2,pv
64,parvalbumin,pv3,as,4.7784986,7.9995008,2,pv
65,parvalbumin,pv3,as,4.8531046,7.7969804,2,pv
66,parvalbumin,pv3,as,4.749662,8.271246,2,pv
67,parvalbumin,pv3,as,4.9126544,8.363123,2,pv
68,parvalbumin,pv3,as,4.763583,8.162239,2,pv
10,parvalbumin,pv3,ss,5.196073,7.0972204,2,pv
69,parvalbumin,pv3,as,4.7413454,7.8712597,2,pv
70,parvalbumin,pv3,as,4.3936987,8.095984,2,pv
71,parvalbumin,pv3,as,4.531137,7.95618,2,pv
11,parvalbumin,pv3,ss,4.1724586,8.102912,2,pv
72,parvalbumin,pv3,as,3.7743084,7.161138,2,pv
73,parvalbumin,pv3,as,4.000793,8.269324,2,pv
74,parvalbumin,pv3,as,3.8275287,7.1904397,2,pv
75,parvalbumin,pv3,as,3.758736,7.238472,2,pv
76,parvalbumin,pv3,as,3.9250798,8.261168,2,pv
77,parvalbumin,pv3,as,3.693689,7.964547,2,pv
78,parvalbumin,pv3,as,3.8129814,8.008102,2,pv
79,parvalbumin,pv3,as,4.138066,8.331517,2,pv
12,parvalbumin,pv3,ss,5.079324,7.0561666,2,pv
80,parvalbumin,pv3,as,3.4815042,7.4146037,2,pv
81,parvalbumin,pv3,as,3.7216647,7.1098814,2,pv
82,parvalbumin,pv3,as,3.5009782,7.584642,2,pv
83,parvalbumin,pv3,as,3.2446263,7.440244,2,pv
84,parvalbumin,pv3,as,3.1599793,7.470951,2,pv
85,parvalbumin,pv3,as,1.9107852,7.653052,2,pv
86,parvalbumin,pv3,as,1.0264049,7.932571,2,pv
87,parvalbumin,pv3,as,2.9447615,6.694221,2,pv
88,parvalbumin,pv3,as,1.10711,7.8020754,2,pv
89,parvalbumin,pv3,as,2.9261289,6.568636,2,pv
90,parvalbumin,pv3,as,1.0727707,7.943804,2,pv
91,parvalbumin,pv3,as,3.4777625,4.1583476,2,pv
13,parvalbumin,pv3,ss,1.3585455,7.5946608,2,pv
92,parvalbumin,pv3,as,2.85252,6.275636,2,pv
93,parvalbumin,pv3,as,2.788678,6.105584,2,pv
14,parvalbumin,pv3,ss,3.4599104,4.0651517,2,pv
94,parvalbumin,pv3,as,1.1870643,7.4372773,2,pv
95,parvalbumin,pv3,as,2.5348675,5.5937295,2,pv
96,parvalbumin,pv3,as,2.528968,5.5720057,2,pv
15,parvalbumin,pv3,ss,2.0823526,5.975072,2,pv
97,parvalbumin,pv3,as,1.0660788,6.7539234,2,pv
98,parvalbumin,pv3,as,2.347474,5.431733,2,pv
99,parvalbumin,pv3,as,0.98124874,6.8137383,2,pv
100,parvalbumin,pv3,as,1.7186075,5.7855544,2,pv
101,parvalbumin,pv3,as,3.2419603,3.790591,2,pv
102,parvalbumin,pv3,as,0.8473629,6.5073996,2,pv
103,parvalbumin,pv3,as,0.7116792,6.6717467,2,pv
104,parvalbumin,pv3,as,2.2083282,5.0265107,2,pv
16,parvalbumin,pv3,ss,3.032186,4.056609,2,pv
105,parvalbumin,pv3,as,2.1786761,4.933581,2,pv
106,parvalbumin,pv3,as,0.70831907,5.8794394,2,pv
107,parvalbumin,pv3,as,2.0170937,5.2628117,2,pv
108,parvalbumin,pv3,as,1.5779663,5.5400133,2,pv
109,parvalbumin,pv3,as,2.1548643,4.898783,2,pv
110,parvalbumin,pv3,as,0.5427801,5.5823283,2,pv
111,parvalbumin,pv3,as,0.28257406,5.7375193,2,pv
112,parvalbumin,pv3,as,0.4695772,5.634772,2,pv
113,parvalbumin,pv3,as,-1.0890226,4.4488244,2,pv
114,parvalbumin,pv3,as,1.4742075,4.586997,2,pv
115,parvalbumin,pv3,as,-1.2649599,4.1277747,2,pv
116,parvalbumin,pv3,as,-1.1391023,3.8751235,2,pv
117,parvalbumin,pv3,as,0.45150346,3.4123487,2,pv
118,parvalbumin,pv3,as,-1.2804737,3.9685848,2,pv
119,parvalbumin,pv3,as,0.10015694,3.2185266,2,pv
120,parvalbumin,pv3,as,2.2209673,3.4566262,2,pv
121,parvalbumin,pv3,as,0.34726644,3.2361295,2,pv
122,parvalbumin,pv3,as,-1.3120761,3.6976876,2,pv
123,parvalbumin,pv3,as,-0.1121073,3.1831276,2,pv
124,parvalbumin,pv3,as,-0.017864345,3.1106963,2,pv
17,parvalbumin,pv3,ss,0.12357354,3.138303,2,pv
18,parvalbumin,pv3,ss,2.1048,3.2258308,2,pv
125,parvalbumin,pv3,as,-0.7709415,2.7835195,2,pv
126,parvalbumin,pv3,as,0.43488452,2.9956422,2,pv
127,parvalbumin,pv3,as,2.0326266,3.1551907,2,pv
128,parvalbumin,pv3,as,-1.1510862,2.4247735,2,pv
129,parvalbumin,pv3,as,-1.1355137,2.3510277,2,pv
130,parvalbumin,pv3,as,-1.5951523,1.892262,2,pv
131,parvalbumin,pv3,as,-1.9625398,1.8677436,2,pv
132,parvalbumin,pv3,as,-1.9550992,1.6700523,2,pv
133,parvalbumin,pv3,as,1.0270116,2.6397254,2,pv
134,parvalbumin,pv3,as,-2.2479439,1.6932399,2,pv
135,parvalbumin,pv3,as,0.89940244,2.5762904,2,pv
19,parvalbumin,pv3,ss,-1.6782924,1.4365835,2,pv
136,parvalbumin,pv3,as,1.3460143,2.6919532,2,pv
137,parvalbumin,pv3,as,-1.9626024,1.2372124,2,pv
138,parvalbumin,pv3,as,-2.1806514,1.0924177,2,pv
139,parvalbumin,pv3,as,-1.9659238,1.1115512,2,pv
140,parvalbumin,pv3,as,-1.8497174,1.0462519,2,pv
141,parvalbumin,pv3,as,1.24545,2.491461,2,pv
142,parvalbumin,pv3,as,1.8182229,2.7941008,2,pv
143,parvalbumin,pv3,as,1.3630954,2.4995334,2,pv
144,parvalbumin,pv3,as,1.5944315,2.5795608,2,pv
145,parvalbumin,pv3,as,-3.7498076,-2.7946305,1,pv
146,parvalbumin,pv3,as,1.3796827,2.3740983,2,pv
147,parvalbumin,pv3,as,-2.8407652,0.39739358,2,pv
148,parvalbumin,pv3,as,-3.8585694,-3.1705258,1,pv
149,parvalbumin,pv3,as,-3.9365957,-3.4506636,1,pv
150,parvalbumin,pv3,as,-3.867967,-2.9246995,1,pv
151,parvalbumin,pv3,as,-3.9478378,-2.7709804,1,pv
152,parvalbumin,pv3,as,-4.0194297,-2.7259817,1,pv
153,parvalbumin,pv3,as,-4.0322638,-3.727457,1,pv
154,parvalbumin,pv3,as,1.4821044,2.2446523,2,pv
155,parvalbumin,pv3,as,-4.0857625,-2.8307052,1,pv
156,parvalbumin,pv3,as,-3.9594336,-2.7432175,1,pv
157,parvalbumin,pv3,as,-4.102843,-3.1180203,1,pv
158,parvalbumin,pv3,as,-4.06025,-3.2152677,1,pv
159,parvalbumin,pv3,as,-4.2331495,-3.0036063,1,pv
160,parvalbumin,pv3,as,-4.1661983,-3.8953578,1,pv
161,parvalbumin,pv3,as,-4.1402655,-3.0830386,1,pv
162,parvalbumin,pv3,as,-4.2604885,-3.9716966,1,pv
21,parvalbumin,pv3,ss,-4.1492276,-3.249239,1,pv
163,parvalbumin,pv3,as,-4.26092,-3.240006,1,pv
22,parvalbumin,pv3,ss,-4.2220883,-3.9904091,1,pv
164,parvalbumin,pv3,as,-4.3057694,-3.1732361,1,pv
165,parvalbumin,pv3,as,-4.279027,-4.076438,1,pv
166,parvalbumin,pv3,as,-4.2876782,-3.950828,1,pv
167,parvalbumin,pv3,as,-4.054106,-2.9156327,1,pv
168,parvalbumin,pv3,as,-4.9848595,-4.5021534,1,pv
169,parvalbumin,pv3,as,-4.887028,-4.5017023,1,pv
170,parvalbumin,pv3,as,-4.4833694,-4.7719293,1,pv
171,parvalbumin,pv3,as,-5.142188,-4.729833,1,pv
172,parvalbumin,pv3,as,-5.299249,-4.837815,1,pv
173,parvalbumin,pv3,as,-4.7269673,-4.7539577,1,pv
174,parvalbumin,pv3,as,-4.537627,-4.8099856,1,pv
175,parvalbumin,pv3,as,-5.245445,-4.904935,1,pv
176,parvalbumin,pv3,as,-4.7995405,-4.886258,1,pv
177,parvalbumin,pv3,as,-5.267692,-4.9410214,1,pv
178,parvalbumin,pv3,as,-5.364542,-4.941839,1,pv
23,parvalbumin,pv3,ss,-5.316462,-5.0398774,1,pv
179,parvalbumin,pv3,as,-5.1669765,-5.122837,1,pv
180,parvalbumin,pv3,as,-4.6214013,-5.074757,1,pv
181,parvalbumin,pv3,as,-5.4587255,-5.1510787,1,pv
182,parvalbumin,pv3,as,-4.9359307,-5.146732,1,pv
183,parvalbumin,pv3,as,-4.612682,-5.1609273,1,pv
184,parvalbumin,pv3,as,-5.4850388,-5.109884,1,pv
185,parvalbumin,pv3,as,-5.3460684,-5.3078,1,pv
186,parvalbumin,pv3,as,-5.4352765,-5.3290133,1,pv
187,parvalbumin,pv3,as,-5.497743,-5.24047,1,pv
188,parvalbumin,pv3,as,-4.7286706,-5.397958,1,pv
189,parvalbumin,pv3,as,-5.089736,-5.6147814,1,pv
190,parvalbumin,pv3,as,-5.3939905,-5.539365,1,pv
191,parvalbumin,pv3,as,-4.8502736,-5.4844475,1,pv
192,parvalbumin,pv3,as,-5.0822396,-5.696808,1,pv
193,parvalbumin,pv3,as,-4.958163,-5.60459,1,pv
194,parvalbumin,pv3,as,-5.105885,-5.6986485,1,pv
24,parvalbumin,pv3,ss,-5.367631,-5.5530596,1,pv
195,parvalbumin,pv3,as,-5.511031,-5.645786,1,pv
196,parvalbumin,pv3,as,-5.5158553,-5.948755,1,pv
197,parvalbumin,pv3,as,-5.585852,-5.8484025,1,pv
198,parvalbumin,pv3,as,-5.4560456,-6.0791345,1,pv
199,parvalbumin,pv3,as,-5.309965,-6.013289,1,pv
200,parvalbumin,pv3,as,-5.4520607,-6.134855,1,pv
201,parvalbumin,pv3,as,-5.5964136,-6.214193,1,pv
202,parvalbumin,pv3,as,-5.5908194,-6.2793155,1,pv
25,parvalbumin,pv3,ss,-5.8634276,-6.950995,1,pv
203,parvalbumin,pv3,as,-5.7616243,-6.8642726,1,pv
204,parvalbumin,pv3,as,-5.770034,-6.8808208,1,pv
205,parvalbumin,pv3,as,-5.866646,-7.0169663,1,pv
206,parvalbumin,pv3,as,-5.815601,-6.9811378,1,pv
26,parvalbumin,pv3,ss,-5.8700724,-7.03752,1,pv
207,parvalbumin,pv3,as,-5.9012637,-7.301961,1,pv
208,parvalbumin,pv3,as,-5.965885,-7.4190464,1,pv
209,parvalbumin,pv3,as,-5.929469,-7.3305454,1,pv
210,parvalbumin,pv3,as,-5.9702864,-7.4759107,1,pv
211,parvalbumin,pv3,as,-5.9852896,-7.3606644,1,pv
212,parvalbumin,pv3,as,-5.9868193,-7.3133545,1,pv
213,parvalbumin,pv3,as,-6.047812,-7.7411346,1,pv
214,parvalbumin,pv3,as,-6.0557218,-7.4506707,1,pv
215,parvalbumin,pv3,as,-6.025901,-7.839824,1,pv
216,parvalbumin,pv3,as,-6.1155615,-7.865617,1,pv
217,parvalbumin,pv3,as,-6.146751,-7.9499626,1,pv
218,parvalbumin,pv3,as,-6.195217,-7.9390316,1,pv
219,parvalbumin,pv3,as,-6.176733,-8.005506,1,pv
220,parvalbumin,pv3,as,-6.147774,-7.9483027,1,pv
221,parvalbumin,pv3,as,-6.10141,-7.606782,1,pv
222,parvalbumin,pv3,as,-6.180338,-7.9800906,1,pv
223,parvalbumin,pv3,as,-6.1231284,-7.9968696,1,pv
225,parvalbumin,pv3,as,-6.151688,-7.952899,1,pv
